{"title":"Vergleich K50 - K60","ingredients":[{"id":"brot","label":"Brot","occurs":"1"},{"id":"brühe","label":"Brühe","occurs":"2"},{"id":"butter","label":"Butter","occurs":"2"},{"id":"dill","label":"Dill","occurs":"1"},{"id":"ei","label":"Ei","occurs":"2"},{"id":"erbsen","label":"Erbsen","occurs":"1"},{"id":"gurke","label":"Gurke","occurs":"1"},{"id":"karotte","label":"Karotte","occurs":"1"},{"id":"kartoffel","label":"Kartoffel","occurs":"2"},{"id":"lauch","label":"Lauch","occurs":"1"},{"id":"lauchzwiebel","label":"Lauchzwiebel","occurs":"1"},{"id":"muskat","label":"Muskat","occurs":"1"},{"id":"olivenöl","label":"Olivenöl","occurs":"1"},{"id":"räucherspeck","label":"Räucherspeck","occurs":"1"},{"id":"sahne","label":"Sahne","occurs":"1"},{"id":"speck","label":"Speck","occurs":"2"},{"id":"steinpilz","label":"Steinpilz","occurs":"1"},{"id":"weizenmehl","label":"Weizenmehl","occurs":"2"},{"id":"zitrone","label":"Zitrone","occurs":"1"},{"id":"zwiebel","label":"Zwiebel","occurs":"2"}],"recipes":[{"recipeName":"Backofen-Pilze","ingredients":["steinpilz","butter","speck","ei","brot","zwiebel"]},{"recipeName":"Erbsenauflauf","ingredients":["erbsen","karotte","ei","kartoffel","speck","weizenmehl","brühe"]},{"recipeName":"Gurkensalat mit Kartoffelpüree","ingredients":["gurke","dill","zitrone","kartoffel","lauchzwiebel","olivenöl","räucherspeck"]},{"recipeName":"Lauchgemüse","ingredients":["lauch","brühe","butter","weizenmehl","sahne","muskat","zwiebel"]}],"collections":[{"A":{"name":"HD-Gemüse","author":"Henriette Davidis","recipes":["Backofen-Pilze","Erbsenauflauf"]}},{"B":{"name":"YO-Gemüse","author":"Yotam Ottolenghi","recipes":["Gurkensalat mit Kartoffelpüree","Lauchgemüse"]}}],"svg":{"#xmlns":"http:\/\/www.w3.org\/2000\/svg","#version":"1.1","#viewBox":"0.00 0.00 4447.85 2041.04","#preserveAspectRatio":"xMidYMid meet","#zoomAndPan":"magnify","#contentScriptType":"text\/ecmascript","#contentStyleType":"text\/css","g":{"#class":"graph","#id":"graph0","g":[{"#class":"edge","#id":"brot--butter","path":{"#fill":"none","#stroke":"black","#d":"M3668.41,1820.822L3643.22,1073.583"}},{"#class":"edge","#id":"brot--ei","path":{"#fill":"none","#stroke":"black","#d":"M3578.51,1874.923L3160.36,1633.024"}},{"#class":"edge","#id":"brot--speck","path":{"#fill":"none","#stroke":"black","#d":"M3607.07,1842.397L3210.54,1313.763"}},{"#class":"edge","#id":"brot--steinpilz","path":{"#fill":"none","#stroke":"black","#d":"M3768.29,1878.85L3948.02,1785.105"}},{"#class":"edge","#id":"brot--zwiebel","path":{"#fill":"none","#stroke":"black","#d":"M3718.27,1831.321L3964.6,1310.422"}},{"#class":"edge","#id":"brühe--butter","path":{"#fill":"none","#stroke":"black","#d":"M3423.94,837.26L3459.41,846.09"}},{"#class":"edge","#id":"brühe--ei","path":{"#fill":"none","#stroke":"black","#d":"M3189.43,967.02L3058.67,1367.284"}},{"#class":"edge","#id":"brühe--erbsen","path":{"#fill":"none","#stroke":"black","#d":"M3079.91,870.04L2566.78,1107.712"}},{"#class":"edge","#id":"brühe--karotte","path":{"#fill":"none","#stroke":"black","#d":"M3064.7,767.27L2607.29,702.47"}},{"#class":"edge","#id":"brühe--kartoffel","path":{"#fill":"none","#stroke":"black","#d":"M3063.83,810.28L1884.29,922.06"}},{"#class":"edge","#id":"brühe--lauch","path":{"#fill":"none","#stroke":"black","#d":"M3360.67,649.81L3704.35,219.59"}},{"#class":"edge","#id":"brühe--muskat","path":{"#fill":"none","#stroke":"black","#d":"M3424.65,751.29L4137.02,584.77"}},{"#class":"edge","#id":"brühe--sahne","path":{"#fill":"none","#stroke":"black","#d":"M3402.22,697.05L4042.07,303.37"}},{"#class":"edge","#id":"brühe--speck","path":{"#fill":"none","#stroke":"black","#d":"M3179.86,963.7L3167.12,996.45"}},{"#class":"edge","#id":"brühe--weizenmehl","path":{"#fill":"none","#stroke":"Red","#d":"M3193.49,617.62L3186.35,593.93"}},{"#class":"edge","#id":"brühe--zwiebel","path":{"#fill":"none","#stroke":"black","#d":"M3413.76,866.98L3875.26,1070.905"}},{"#class":"edge","#id":"butter--ei","path":{"#fill":"none","#stroke":"black","#d":"M3508.88,1021.7L3129.78,1410.172"}},{"#class":"edge","#id":"butter--lauch","path":{"#fill":"none","#stroke":"black","#d":"M3669.26,709.91L3752.91,241.47"}},{"#class":"edge","#id":"butter--muskat","path":{"#fill":"none","#stroke":"black","#d":"M3798.06,802.52L4147.3,612.01"}},{"#class":"edge","#id":"butter--sahne","path":{"#fill":"none","#stroke":"black","#d":"M3748.92,745.5L4068.08,332.29"}},{"#class":"edge","#id":"butter--speck","path":{"#fill":"none","#stroke":"black","#d":"M3474.29,974.38L3263.67,1083.113"}},{"#class":"edge","#id":"butter--steinpilz","path":{"#fill":"none","#stroke":"black","#d":"M3716.44,1055.243L3996.85,1637.534"}},{"#class":"edge","#id":"butter--weizenmehl","path":{"#fill":"none","#stroke":"black","#d":"M3503.45,765.2L3267.37,544.03"}},{"#class":"edge","#id":"butter--zwiebel","path":{"#fill":"none","#stroke":"Red","#d":"M3792.2,987.7L3887.78,1047.668"}},{"#class":"edge","#id":"dill--gurke","path":{"#fill":"none","#stroke":"black","#d":"M304.627,819.16L663.296,609.99"}},{"#class":"edge","#id":"dill--kartoffel","path":{"#fill":"none","#stroke":"black","#d":"M319.231,878.46L1519.13,931.29"}},{"#class":"edge","#id":"dill--lauchzwiebel","path":{"#fill":"none","#stroke":"black","#d":"M318.031,889.62L643.496,938.08"}},{"#class":"edge","#id":"dill--olivenöl","path":{"#fill":"none","#stroke":"black","#d":"M253.053,773.82L308.993,640.61"}},{"#class":"edge","#id":"dill--räucherspeck","path":{"#fill":"none","#stroke":"black","#d":"M293.759,943.82L711.684,1298.418"}},{"#class":"edge","#id":"dill--zitrone","path":{"#fill":"none","#stroke":"black","#d":"M207.127,981.8L202.984,1094.292"}},{"#class":"edge","#id":"ei--erbsen","path":{"#fill":"none","#stroke":"black","#d":"M2853.62,1433.462L2556.04,1216.912"}},{"#class":"edge","#id":"ei--karotte","path":{"#fill":"none","#stroke":"black","#d":"M2908.92,1383.174L2554.89,780.54"}},{"#class":"edge","#id":"ei--kartoffel","path":{"#fill":"none","#stroke":"black","#d":"M2835.54,1464.303L1868.15,1016.28"}},{"#class":"edge","#id":"ei--speck","path":{"#fill":"none","#stroke":"Red","#d":"M3048.63,1364.147L3053.87,1344.304"}},{"#class":"edge","#id":"ei--steinpilz","path":{"#fill":"none","#stroke":"black","#d":"M3181.84,1574.791L3937.56,1715.356"}},{"#class":"edge","#id":"ei--weizenmehl","path":{"#fill":"none","#stroke":"black","#d":"M3023.17,1359.381L3112.21,600.87"}},{"#class":"edge","#id":"ei--zwiebel","path":{"#fill":"none","#stroke":"black","#d":"M3172.84,1476.191L3871.68,1210.124"}},{"#class":"edge","#id":"erbsen--karotte","path":{"#fill":"none","#stroke":"black","#d":"M2475.83,1045.451L2492.79,795.31"}},{"#class":"edge","#id":"erbsen--kartoffel","path":{"#fill":"none","#stroke":"black","#d":"M2364.35,1124.154L1878.4,988.56"}},{"#class":"edge","#id":"erbsen--speck","path":{"#fill":"none","#stroke":"black","#d":"M2576.83,1155.63L2917.51,1163.2"}},{"#class":"edge","#id":"erbsen--weizenmehl","path":{"#fill":"none","#stroke":"black","#d":"M2541.28,1072.866L3010.65,554.47"}},{"#class":"edge","#id":"gurke--kartoffel","path":{"#fill":"none","#stroke":"black","#d":"M857.169,596.12L1532.11,870.32"}},{"#class":"edge","#id":"gurke--lauchzwiebel","path":{"#fill":"none","#stroke":"black","#d":"M755.226,663.54L752.364,845.87"}},{"#class":"edge","#id":"gurke--olivenöl","path":{"#fill":"none","#stroke":"black","#d":"M648.918,551.51L459.013,544.68"}},{"#class":"edge","#id":"gurke--räucherspeck","path":{"#fill":"none","#stroke":"black","#d":"M761.907,663.39L789.464,1260.529"}},{"#class":"edge","#id":"gurke--zitrone","path":{"#fill":"none","#stroke":"black","#d":"M686.262,637.34L269.527,1120.666"}},{"#class":"edge","#id":"karotte--kartoffel","path":{"#fill":"none","#stroke":"black","#d":"M2397,719.86L1876.73,884.16"}},{"#class":"edge","#id":"karotte--speck","path":{"#fill":"none","#stroke":"black","#d":"M2584.56,754.79L2957.46,1052.822"}},{"#class":"edge","#id":"karotte--weizenmehl","path":{"#fill":"none","#stroke":"black","#d":"M2599.79,645.03L2964.83,490.25"}},{"#class":"edge","#id":"kartoffel--lauchzwiebel","path":{"#fill":"none","#stroke":"black","#d":"M1518.86,942.17L858.852,952.37"}},{"#class":"edge","#id":"kartoffel--olivenöl","path":{"#fill":"none","#stroke":"black","#d":"M1526.41,887.54L454.892,571.47"}},{"#class":"edge","#id":"kartoffel--räucherspeck","path":{"#fill":"none","#stroke":"black","#d":"M1536.34,1017.7L892.209,1322.402"}},{"#class":"edge","#id":"kartoffel--speck","path":{"#fill":"none","#stroke":"black","#d":"M1882.71,968.78L2919.91,1137.814"}},{"#class":"edge","#id":"kartoffel--weizenmehl","path":{"#fill":"none","#stroke":"black","#d":"M1874.33,876.66L2961.59,481.25"}},{"#class":"edge","#id":"kartoffel--zitrone","path":{"#fill":"none","#stroke":"black","#d":"M1521.46,970.94L305.799,1183.765"}},{"#class":"edge","#id":"lauch--muskat","path":{"#fill":"none","#stroke":"black","#d":"M3852.26,207.6L4161.95,487.49"}},{"#class":"edge","#id":"lauch--sahne","path":{"#fill":"none","#stroke":"black","#d":"M3875.25,166.85L4030.73,214.79"}},{"#class":"edge","#id":"lauch--weizenmehl","path":{"#fill":"none","#stroke":"black","#d":"M3672.88,179.02L3300.95,344.32"}},{"#class":"edge","#id":"lauch--zwiebel","path":{"#fill":"none","#stroke":"black","#d":"M3800.02,239.75L3995.38,968"}},{"#class":"edge","#id":"lauchzwiebel--olivenöl","path":{"#fill":"none","#stroke":"black","#d":"M675.475,876.31L426.101,618.52"}},{"#class":"edge","#id":"lauchzwiebel--räucherspeck","path":{"#fill":"none","#stroke":"black","#d":"M762.028,1061.621L783.106,1261.2"}},{"#class":"edge","#id":"lauchzwiebel--zitrone","path":{"#fill":"none","#stroke":"black","#d":"M652.04,998.45L297.701,1158.015"}},{"#class":"edge","#id":"muskat--sahne","path":{"#fill":"none","#stroke":"black","#d":"M4207.09,457.95L4169.51,349.02"}},{"#class":"edge","#id":"muskat--weizenmehl","path":{"#fill":"none","#stroke":"black","#d":"M4135.03,546.46L3315.29,441.88"}},{"#class":"edge","#id":"muskat--zwiebel","path":{"#fill":"none","#stroke":"black","#d":"M4207.37,662.69L4101.96,971.66"}},{"#class":"edge","#id":"olivenöl--räucherspeck","path":{"#fill":"none","#stroke":"black","#d":"M402.004,636.16L743.372,1273.305"}},{"#class":"edge","#id":"olivenöl--zitrone","path":{"#fill":"none","#stroke":"black","#d":"M326.669,646.37L223.215,1096.989"}},{"#class":"edge","#id":"räucherspeck--zitrone","path":{"#fill":"none","#stroke":"black","#d":"M690.393,1339.603L303.405,1231.6"}},{"#class":"edge","#id":"sahne--weizenmehl","path":{"#fill":"none","#stroke":"black","#d":"M4027.59,265.01L3314.19,387.65"}},{"#class":"edge","#id":"sahne--zwiebel","path":{"#fill":"none","#stroke":"black","#d":"M4123.27,354.15L4061.38,962.72"}},{"#class":"edge","#id":"speck--steinpilz","path":{"#fill":"none","#stroke":"black","#d":"M3257.46,1261.677L3951.13,1679.308"}},{"#class":"edge","#id":"speck--weizenmehl","path":{"#fill":"none","#stroke":"black","#d":"M3108.71,984.15L3125.55,601.55"}},{"#class":"edge","#id":"speck--zwiebel","path":{"#fill":"none","#stroke":"black","#d":"M3283.72,1162.935L3859.88,1149.289"}},{"#class":"edge","#id":"steinpilz--zwiebel","path":{"#fill":"none","#stroke":"black","#d":"M4043.66,1626.879L4043.15,1328.155"}},{"#class":"edge","#id":"weizenmehl--zwiebel","path":{"#fill":"none","#stroke":"black","#d":"M3276.66,532.97L3899.48,1030.45"}},{"#class":"node","#id":"brot","title":{},"ellipse":{"#class":"i-carb","#cx":"3672.06","#cy":"1929.04","#rx":"108","#ry":"108"},"text":{"#x":"3672.06","#y":"1959.04","#text-anchor":"middle","#font-family":"Arial","#font-size":"23","#text-content":"Brot"}},{"#class":"node","#id":"brühe","title":{},"ellipse":{"#class":"i-condi","#cx":"3246.29","#cy":"792.99","#rx":"183","#ry":"183"},"text":{"#x":"3246.29","#y":"822.99","#text-anchor":"middle","#font-family":"Arial","#font-size":"23","#text-content":"Brühe"}},{"#class":"node","#id":"butter","title":{},"ellipse":{"#class":"i-fat","#cx":"3637.04","#cy":"890.36","#rx":"183","#ry":"183"},"text":{"#x":"3637.04","#y":"920.36","#text-anchor":"middle","#font-family":"Arial","#font-size":"23","#text-content":"Butter"}},{"#class":"node","#id":"dill","title":{},"ellipse":{"#class":"i-herb","#cx":"211.109","#cy":"873.7","#rx":"108","#ry":"108"},"text":{"#x":"211.109","#y":"903.7","#text-anchor":"middle","#font-family":"Arial","#font-size":"23","#text-content":"Dill"}},{"#class":"node","#id":"ei","title":{},"ellipse":{"#class":"i-egg","#cx":"3001.81","#cy":"1541.307","#rx":"183","#ry":"183"},"text":{"#x":"3001.81","#y":"1571.307","#text-anchor":"middle","#font-family":"Arial","#font-size":"23","#text-content":"Ei"}},{"#class":"node","#id":"erbsen","title":{},"ellipse":{"#class":"i-veg","#cx":"2468.52","#cy":"1153.223","#rx":"108","#ry":"108"},"text":{"#x":"2468.52","#y":"1183.223","#text-anchor":"middle","#font-family":"Arial","#font-size":"23","#text-content":"Erbsen"}},{"#class":"node","#id":"gurke","title":{},"ellipse":{"#class":"i-veg","#cx":"756.923","#cy":"555.39","#rx":"108","#ry":"108"},"text":{"#x":"756.923","#y":"585.39","#text-anchor":"middle","#font-family":"Arial","#font-size":"23","#text-content":"Gurke"}},{"#class":"node","#id":"karotte","title":{},"ellipse":{"#class":"i-veg","#cx":"2500.11","#cy":"687.29","#rx":"108","#ry":"108"},"text":{"#x":"2500.11","#y":"717.29","#text-anchor":"middle","#font-family":"Arial","#font-size":"23","#text-content":"Karotte"}},{"#class":"node","#id":"kartoffel","title":{},"ellipse":{"#class":"i-carb","#cx":"1702.01","#cy":"939.34","#rx":"183","#ry":"183"},"text":{"#x":"1702.01","#y":"969.34","#text-anchor":"middle","#font-family":"Arial","#font-size":"23","#text-content":"Kartoffel"}},{"#class":"node","#id":"lauch","title":{},"ellipse":{"#class":"i-veg","#cx":"3771.92","#cy":"135","#rx":"108","#ry":"108"},"text":{"#x":"3771.92","#y":"165","#text-anchor":"middle","#font-family":"Arial","#font-size":"23","#text-content":"Lauch"}},{"#class":"node","#id":"lauchzwiebel","title":{},"ellipse":{"#class":"i-onion","#cx":"750.666","#cy":"954.04","#rx":"108","#ry":"108"},"text":{"#x":"750.666","#y":"984.04","#text-anchor":"middle","#font-family":"Arial","#font-size":"23","#text-content":"Lauchzwiebel"}},{"#class":"node","#id":"muskat","title":{},"ellipse":{"#class":"i-spice","#cx":"4242.35","#cy":"560.15","#rx":"108","#ry":"108"},"text":{"#x":"4242.35","#y":"590.15","#text-anchor":"middle","#font-family":"Arial","#font-size":"23","#text-content":"Muskat"}},{"#class":"node","#id":"olivenöl","title":{},"ellipse":{"#class":"i-fat","#cx":"350.907","#cy":"540.79","#rx":"108","#ry":"108"},"text":{"#x":"350.907","#y":"570.79","#text-anchor":"middle","#font-family":"Arial","#font-size":"23","#text-content":"Olivenöl"}},{"#class":"node","#id":"räucherspeck","title":{},"ellipse":{"#class":"i-meat","#cx":"794.453","#cy":"1368.644","#rx":"108","#ry":"108"},"text":{"#x":"794.453","#y":"1398.644","#text-anchor":"middle","#font-family":"Arial","#font-size":"23","#text-content":"Räucherspeck"}},{"#class":"node","#id":"sahne","title":{},"ellipse":{"#class":"i-milk","#cx":"4134.2","#cy":"246.68","#rx":"108","#ry":"108"},"text":{"#x":"4134.2","#y":"276.68","#text-anchor":"middle","#font-family":"Arial","#font-size":"23","#text-content":"Sahne"}},{"#class":"node","#id":"speck","title":{},"ellipse":{"#class":"i-meat","#cx":"3100.66","#cy":"1167.27","#rx":"183","#ry":"183"},"text":{"#x":"3100.66","#y":"1197.27","#text-anchor":"middle","#font-family":"Arial","#font-size":"23","#text-content":"Speck"}},{"#class":"node","#id":"steinpilz","title":{},"ellipse":{"#class":"i-veg","#cx":"4043.84","#cy":"1735.125","#rx":"108","#ry":"108"},"text":{"#x":"4043.84","#y":"1765.125","#text-anchor":"middle","#font-family":"Arial","#font-size":"23","#text-content":"Steinpilz"}},{"#class":"node","#id":"weizenmehl","title":{},"ellipse":{"#class":"i-carb","#cx":"3133.59","#cy":"418.7","#rx":"183","#ry":"183"},"text":{"#x":"3133.59","#y":"448.7","#text-anchor":"middle","#font-family":"Arial","#font-size":"23","#text-content":"Weizenmehl"}},{"#class":"node","#id":"zitrone","title":{},"ellipse":{"#class":"i-fruit","#cx":"199","#cy":"1202.461","#rx":"108","#ry":"108"},"text":{"#x":"199","#y":"1232.461","#text-anchor":"middle","#font-family":"Arial","#font-size":"23","#text-content":"Zitrone"}},{"#class":"node","#id":"zwiebel","title":{},"ellipse":{"#class":"i-onion","#cx":"4042.85","#cy":"1144.956","#rx":"183","#ry":"183"},"text":{"#x":"4042.85","#y":"1174.956","#text-anchor":"middle","#font-family":"Arial","#font-size":"23","#text-content":"Zwiebel"}}]}}}