{
    "title": "Dev",
    "recipes": [
        {
            "recipeName": "Backofen-Pilze",
            "ingredients": [
                "steinpilz",
                "butter",
                "speck",
                "ei",
                "brot",
                "zwiebel"
            ]
        },
        {
            "recipeName": "Erbsenauflauf",
            "ingredients": [
                "erbsen",
                "karotte",
                "ei",
                "kartoffel",
                "speck",
                "weizenmehl",
                "brühe"
            ]
        },
        {
            "recipeName": "Gurkensalat mit Kartoffelpüree",
            "ingredients": [
                "gurke",
                "dill",
                "zitrone",
                "kartoffel",
                "lauchzwiebel",
                "olivenöl",
                "räucherspeck"
            ]
        },
        {
            "recipeName": "Lauchgemüse",
            "ingredients": [
                "lauch",
                "brühe",
                "butter",
                "weizenmehl",
                "sahne",
                "muskat",
                "zwiebel"
            ]
        }
    ],
    "nodes": [
        {
            "#id": "steinpilz",
            "#sub": "A",
            "label": "Steinpilz",
            "occurs": "1",
            "class": "veg"
        },
        {
            "#id": "speck",
            "#sub": "A",
            "label": "Speck",
            "occurs": "2",
            "class": "meat"
        },
        {
            "#id": "ei",
            "#sub": "A",
            "label": "Ei",
            "occurs": "2",
            "class": "egg"
        },
        {
            "#id": "brot",
            "#sub": "A",
            "label": "Brot",
            "occurs": "1",
            "class": "carb"
        },
        {
            "#id": "erbsen",
            "#sub": "A",
            "label": "Erbsen",
            "occurs": "1",
            "class": "veg"
        },
        {
            "#id": "karotte",
            "#sub": "A",
            "label": "Karotte",
            "occurs": "1",
            "class": "veg"
        },
        {
            "#id": "gurke",
            "#sub": "B",
            "label": "Gurke",
            "occurs": "1",
            "class": "veg"
        },
        {
            "#id": "dill",
            "#sub": "B",
            "label": "Dill",
            "occurs": "1",
            "class": "herb"
        },
        {
            "#id": "zitrone",
            "#sub": "B",
            "label": "Zitrone",
            "occurs": "1",
            "class": "fruit"
        },
        {
            "#id": "lauchzwiebel",
            "#sub": "B",
            "label": "Lauchzwiebel",
            "occurs": "1",
            "class": "onion"
        },
        {
            "#id": "olivenöl",
            "#sub": "B",
            "label": "Olivenöl",
            "occurs": "1",
            "class": "fat"
        },
        {
            "#id": "räucherspeck",
            "#sub": "B",
            "label": "Räucherspeck",
            "occurs": "1",
            "class": "meat"
        },
        {
            "#id": "lauch",
            "#sub": "B",
            "label": "Lauch",
            "occurs": "1",
            "class": "veg"
        },
        {
            "#id": "sahne",
            "#sub": "B",
            "label": "Sahne",
            "occurs": "1",
            "class": "milk"
        },
        {
            "#id": "muskat",
            "#sub": "B",
            "label": "Muskat",
            "occurs": "1",
            "class": "spice"
        },
        {
            "#id": "kartoffel",
            "#sub": "AB",
            "label": "Kartoffel",
            "occurs": "2",
            "class": "carb"
        },
        {
            "#id": "brühe",
            "#sub": "AB",
            "label": "Brühe",
            "occurs": "2",
            "class": "condi"
        },
        {
            "#id": "butter",
            "#sub": "AB",
            "label": "Butter",
            "occurs": "2",
            "class": "fat"
        },
        {
            "#id": "weizenmehl",
            "#sub": "AB",
            "label": "Weizenmehl",
            "occurs": "2",
            "class": "carb"
        },
        {
            "#id": "zwiebel",
            "#sub": "AB",
            "label": "Zwiebel",
            "occurs": "2",
            "class": "onion"
        }
    ],
    "svg": {
        "#xmlns": "http://www.w3.org/2000/svg",
        "#version": "1.1",
        "#viewBox": "0.00 0.00 4433.42 2046.91",
        "#preserveAspectRatio": "xMidYMid meet",
        "#zoomAndPan": "magnify",
        "#contentScriptType": "text/ecmascript",
        "#contentStyleType": "text/css",
        "defs": {
            "g": [
                {
                    "#id": "AEdges",
                    "g": [
                        {
                            "#class": "edge",
                            "#id": "brot--butter",
                            "#data-sub": "a",
                            "path": {
                                "#fill": "none",
                                "#stroke": "black",
                                "#d": "M749.526,243.08L774.677,989.41"
                            }
                        },
                        {
                            "#class": "edge",
                            "#id": "brot--ei",
                            "#data-sub": "a",
                            "path": {
                                "#fill": "none",
                                "#stroke": "black",
                                "#d": "M839.409,189.17L1257.46,431.35"
                            }
                        },
                        {
                            "#class": "edge",
                            "#id": "brot--speck",
                            "#data-sub": "a",
                            "path": {
                                "#fill": "none",
                                "#stroke": "black",
                                "#d": "M810.726,221.71L1206.35,750.77"
                            }
                        },
                        {
                            "#class": "edge",
                            "#id": "brot--steinpilz",
                            "#data-sub": "a",
                            "path": {
                                "#fill": "none",
                                "#stroke": "black",
                                "#d": "M649.7,185.26L470.049,279.13"
                            }
                        },
                        {
                            "#class": "edge",
                            "#id": "brot--zwiebel",
                            "#data-sub": "a",
                            "path": {
                                "#fill": "none",
                                "#stroke": "black",
                                "#d": "M699.654,232.84L453.226,754.38"
                            }
                        },
                        {
                            "#class": "edge",
                            "#id": "brühe--ei",
                            "#data-sub": "a",
                            "path": {
                                "#fill": "none",
                                "#stroke": "black",
                                "#d": "M1228.34,1097.374L1359.11,697.17"
                            }
                        },
                        {
                            "#class": "edge",
                            "#id": "brühe--erbsen",
                            "#data-sub": "a",
                            "path": {
                                "#fill": "none",
                                "#stroke": "black",
                                "#d": "M1337.89,1194.118L1851.41,955.69"
                            }
                        },
                        {
                            "#class": "edge",
                            "#id": "brühe--karotte",
                            "#data-sub": "a",
                            "path": {
                                "#fill": "none",
                                "#stroke": "black",
                                "#d": "M1353.03,1296.87L1810.38,1361.082"
                            }
                        },
                        {
                            "#class": "edge",
                            "#id": "brühe--kartoffel",
                            "#data-sub": "a",
                            "path": {
                                "#fill": "none",
                                "#stroke": "black",
                                "#d": "M1353.74,1254.07L2531.77,1142.184"
                            }
                        },
                        {
                            "#class": "edge",
                            "#id": "brühe--speck",
                            "#data-sub": "a",
                            "path": {
                                "#fill": "none",
                                "#stroke": "black",
                                "#d": "M1237.49,1100.523L1250.01,1068.112"
                            }
                        },
                        {
                            "#class": "edge",
                            "#id": "butter--ei",
                            "#data-sub": "a",
                            "path": {
                                "#fill": "none",
                                "#stroke": "black",
                                "#d": "M908.989,1041.41L1287.75,654.24"
                            }
                        },
                        {
                            "#class": "edge",
                            "#id": "butter--speck",
                            "#data-sub": "a",
                            "path": {
                                "#fill": "none",
                                "#stroke": "black",
                                "#d": "M943.945,1088.582L1152.84,981.22"
                            }
                        },
                        {
                            "#class": "edge",
                            "#id": "butter--steinpilz",
                            "#data-sub": "a",
                            "path": {
                                "#fill": "none",
                                "#stroke": "black",
                                "#d": "M701.245,1007.32L421.179,426.47"
                            }
                        },
                        {
                            "#class": "edge",
                            "#id": "ei--erbsen",
                            "#data-sub": "a",
                            "path": {
                                "#fill": "none",
                                "#stroke": "black",
                                "#d": "M1564.21,630.72L1861.87,846.68"
                            }
                        },
                        {
                            "#class": "edge",
                            "#id": "ei--karotte",
                            "#data-sub": "a",
                            "path": {
                                "#fill": "none",
                                "#stroke": "black",
                                "#d": "M1508.84,681.11L1862.77,1282.995"
                            }
                        },
                        {
                            "#class": "edge",
                            "#id": "ei--kartoffel",
                            "#data-sub": "a",
                            "path": {
                                "#fill": "none",
                                "#stroke": "black",
                                "#d": "M1582.04,600.14L2547.97,1047.833"
                            }
                        },
                        {
                            "#class": "edge",
                            "#id": "ei--speck",
                            "#data-sub": "a",
                            "path": {
                                "#fill": "none",
                                "#stroke": "Red",
                                "#d": "M1368.68,700.14L1363.22,720.57"
                            }
                        },
                        {
                            "#class": "edge",
                            "#id": "ei--steinpilz",
                            "#data-sub": "a",
                            "path": {
                                "#fill": "none",
                                "#stroke": "black",
                                "#d": "M1236,489.66L480.521,348.97"
                            }
                        },
                        {
                            "#class": "edge",
                            "#id": "ei--weizenmehl",
                            "#data-sub": "a",
                            "path": {
                                "#fill": "none",
                                "#stroke": "black",
                                "#d": "M1394.92,705.06L1307.16,1463.423"
                            }
                        },
                        {
                            "#class": "edge",
                            "#id": "ei--zwiebel",
                            "#data-sub": "a",
                            "path": {
                                "#fill": "none",
                                "#stroke": "black",
                                "#d": "M1244.94,588.37L546.11,854.79"
                            }
                        },
                        {
                            "#class": "edge",
                            "#id": "erbsen--karotte",
                            "#data-sub": "a",
                            "path": {
                                "#fill": "none",
                                "#stroke": "black",
                                "#d": "M1942.04,1017.96L1924.93,1268.111"
                            }
                        },
                        {
                            "#class": "edge",
                            "#id": "erbsen--kartoffel",
                            "#data-sub": "a",
                            "path": {
                                "#fill": "none",
                                "#stroke": "black",
                                "#d": "M2053.75,939.48L2537.63,1075.305"
                            }
                        },
                        {
                            "#class": "edge",
                            "#id": "erbsen--speck",
                            "#data-sub": "a",
                            "path": {
                                "#fill": "none",
                                "#stroke": "black",
                                "#d": "M1841.25,908L1499.08,901.08"
                            }
                        },
                        {
                            "#class": "edge",
                            "#id": "erbsen--weizenmehl",
                            "#data-sub": "a",
                            "path": {
                                "#fill": "none",
                                "#stroke": "black",
                                "#d": "M1876.85,990.64L1408.7,1509.633"
                            }
                        },
                        {
                            "#class": "edge",
                            "#id": "karotte--kartoffel",
                            "#data-sub": "a",
                            "path": {
                                "#fill": "none",
                                "#stroke": "black",
                                "#d": "M2020.87,1343.536L2539.57,1179.929"
                            }
                        },
                        {
                            "#class": "edge",
                            "#id": "karotte--speck",
                            "#data-sub": "a",
                            "path": {
                                "#fill": "none",
                                "#stroke": "black",
                                "#d": "M1832.94,1308.802L1459.42,1011.53"
                            }
                        },
                        {
                            "#class": "edge",
                            "#id": "karotte--weizenmehl",
                            "#data-sub": "a",
                            "path": {
                                "#fill": "none",
                                "#stroke": "black",
                                "#d": "M1818.18,1418.523L1454.62,1573.654"
                            }
                        },
                        {
                            "#class": "edge",
                            "#id": "kartoffel--speck",
                            "#data-sub": "a",
                            "path": {
                                "#fill": "none",
                                "#stroke": "black",
                                "#d": "M2533.52,1095.47L1496.67,926.78"
                            }
                        },
                        {
                            "#class": "edge",
                            "#id": "kartoffel--weizenmehl",
                            "#data-sub": "a",
                            "path": {
                                "#fill": "none",
                                "#stroke": "black",
                                "#d": "M2541.9,1187.669L1458.12,1582.839"
                            }
                        },
                        {
                            "#class": "edge",
                            "#id": "speck--steinpilz",
                            "#data-sub": "a",
                            "path": {
                                "#fill": "none",
                                "#stroke": "black",
                                "#d": "M1159.15,802.75L466.778,385"
                            }
                        },
                        {
                            "#class": "edge",
                            "#id": "speck--weizenmehl",
                            "#data-sub": "a",
                            "path": {
                                "#fill": "none",
                                "#stroke": "black",
                                "#d": "M1308.67,1080.406L1293.4,1462.485"
                            }
                        },
                        {
                            "#class": "edge",
                            "#id": "speck--zwiebel",
                            "#data-sub": "a",
                            "path": {
                                "#fill": "none",
                                "#stroke": "black",
                                "#d": "M1132.86,901.79L557.977,915.64"
                            }
                        },
                        {
                            "#class": "edge",
                            "#id": "steinpilz--zwiebel",
                            "#data-sub": "a",
                            "path": {
                                "#fill": "none",
                                "#stroke": "black",
                                "#d": "M374.393,437.21L374.736,737.01"
                            }
                        }
                    ]
                },
                {
                    "#id": "BEdges",
                    "g": [
                        {
                            "#class": "edge",
                            "#id": "brühe--butter",
                            "#data-sub": "b",
                            "path": {
                                "#fill": "none",
                                "#stroke": "black",
                                "#d": "M993.876,1226.382L958.419,1217.398"
                            }
                        },
                        {
                            "#class": "edge",
                            "#id": "brühe--lauch",
                            "#data-sub": "b",
                            "path": {
                                "#fill": "none",
                                "#stroke": "black",
                                "#d": "M993.217,1313.14L281.265,1479.926"
                            }
                        },
                        {
                            "#class": "edge",
                            "#id": "brühe--muskat",
                            "#data-sub": "b",
                            "path": {
                                "#fill": "none",
                                "#stroke": "black",
                                "#d": "M1014.58,1365.652L361.992,1757.766"
                            }
                        },
                        {
                            "#class": "edge",
                            "#id": "brühe--sahne",
                            "#data-sub": "b",
                            "path": {
                                "#fill": "none",
                                "#stroke": "black",
                                "#d": "M1059.72,1416.585L727.027,1848.875"
                            }
                        },
                        {
                            "#class": "edge",
                            "#id": "brühe--zwiebel",
                            "#data-sub": "b",
                            "path": {
                                "#fill": "none",
                                "#stroke": "black",
                                "#d": "M1004.01,1197.516L542.528,993.96"
                            }
                        },
                        {
                            "#class": "edge",
                            "#id": "butter--lauch",
                            "#data-sub": "b",
                            "path": {
                                "#fill": "none",
                                "#stroke": "black",
                                "#d": "M620.345,1260.552L270.664,1452.596"
                            }
                        },
                        {
                            "#class": "edge",
                            "#id": "butter--muskat",
                            "#data-sub": "b",
                            "path": {
                                "#fill": "none",
                                "#stroke": "black",
                                "#d": "M666.673,1315.478L336.831,1728.815"
                            }
                        },
                        {
                            "#class": "edge",
                            "#id": "butter--sahne",
                            "#data-sub": "b",
                            "path": {
                                "#fill": "none",
                                "#stroke": "black",
                                "#d": "M752.322,1353.592L677.647,1827.975"
                            }
                        },
                        {
                            "#class": "edge",
                            "#id": "butter--weizenmehl",
                            "#data-sub": "b",
                            "path": {
                                "#fill": "none",
                                "#stroke": "black",
                                "#d": "M914.582,1297.652L1152.1,1520.087"
                            }
                        },
                        {
                            "#class": "edge",
                            "#id": "dill--gurke",
                            "#data-sub": "b",
                            "path": {
                                "#fill": "none",
                                "#stroke": "black",
                                "#d": "M4109.99,1258.099L3741.15,1444.024"
                            }
                        },
                        {
                            "#class": "edge",
                            "#id": "dill--kartoffel",
                            "#data-sub": "b",
                            "path": {
                                "#fill": "none",
                                "#stroke": "black",
                                "#d": "M4098.72,1203.26L2897.02,1135.214"
                            }
                        },
                        {
                            "#class": "edge",
                            "#id": "dill--lauchzwiebel",
                            "#data-sub": "b",
                            "path": {
                                "#fill": "none",
                                "#stroke": "black",
                                "#d": "M4100.57,1187.501L3765.58,1118.444"
                            }
                        },
                        {
                            "#class": "edge",
                            "#id": "dill--olivenöl",
                            "#data-sub": "b",
                            "path": {
                                "#fill": "none",
                                "#stroke": "black",
                                "#d": "M4160.97,1307.368L4098.65,1441.062"
                            }
                        },
                        {
                            "#class": "edge",
                            "#id": "dill--räucherspeck",
                            "#data-sub": "b",
                            "path": {
                                "#fill": "none",
                                "#stroke": "black",
                                "#d": "M4127.7,1135.195L3717.52,749.88"
                            }
                        },
                        {
                            "#class": "edge",
                            "#id": "dill--zitrone",
                            "#data-sub": "b",
                            "path": {
                                "#fill": "none",
                                "#stroke": "black",
                                "#d": "M4215.83,1101.597L4225.26,990.65"
                            }
                        },
                        {
                            "#class": "edge",
                            "#id": "gurke--kartoffel",
                            "#data-sub": "b",
                            "path": {
                                "#fill": "none",
                                "#stroke": "black",
                                "#d": "M3543.91,1453.098L2884.51,1192.247"
                            }
                        },
                        {
                            "#class": "edge",
                            "#id": "gurke--lauchzwiebel",
                            "#data-sub": "b",
                            "path": {
                                "#fill": "none",
                                "#stroke": "black",
                                "#d": "M3648.55,1384.827L3655.58,1204.557"
                            }
                        },
                        {
                            "#class": "edge",
                            "#id": "gurke--olivenöl",
                            "#data-sub": "b",
                            "path": {
                                "#fill": "none",
                                "#stroke": "black",
                                "#d": "M3751.71,1504.949L3945.64,1526.844"
                            }
                        },
                        {
                            "#class": "edge",
                            "#id": "gurke--räucherspeck",
                            "#data-sub": "b",
                            "path": {
                                "#fill": "none",
                                "#stroke": "black",
                                "#d": "M3643.6,1384.767L3639.51,783.98"
                            }
                        },
                        {
                            "#class": "edge",
                            "#id": "gurke--zitrone",
                            "#data-sub": "b",
                            "path": {
                                "#fill": "none",
                                "#stroke": "black",
                                "#d": "M3719.67,1414.971L4159.07,960.86"
                            }
                        },
                        {
                            "#class": "edge",
                            "#id": "kartoffel--lauchzwiebel",
                            "#data-sub": "b",
                            "path": {
                                "#fill": "none",
                                "#stroke": "black",
                                "#d": "M2897.33,1119.393L3551.53,1099.865"
                            }
                        },
                        {
                            "#class": "edge",
                            "#id": "kartoffel--olivenöl",
                            "#data-sub": "b",
                            "path": {
                                "#fill": "none",
                                "#stroke": "black",
                                "#d": "M2889.19,1178.997L3949.72,1507.018"
                            }
                        },
                        {
                            "#class": "edge",
                            "#id": "kartoffel--räucherspeck",
                            "#data-sub": "b",
                            "path": {
                                "#fill": "none",
                                "#stroke": "black",
                                "#d": "M2878.93,1044.855L3541.46,723.16"
                            }
                        },
                        {
                            "#class": "edge",
                            "#id": "kartoffel--zitrone",
                            "#data-sub": "b",
                            "path": {
                                "#fill": "none",
                                "#stroke": "black",
                                "#d": "M2894.9,1096.105L4127.51,900"
                            }
                        },
                        {
                            "#class": "edge",
                            "#id": "lauch--muskat",
                            "#data-sub": "b",
                            "path": {
                                "#fill": "none",
                                "#stroke": "black",
                                "#d": "M207.317,1608.302L238.035,1710.037"
                            }
                        },
                        {
                            "#class": "edge",
                            "#id": "lauch--sahne",
                            "#data-sub": "b",
                            "path": {
                                "#fill": "none",
                                "#stroke": "black",
                                "#d": "M256.874,1576.37L579.711,1862.922"
                            }
                        },
                        {
                            "#class": "edge",
                            "#id": "lauch--weizenmehl",
                            "#data-sub": "b",
                            "path": {
                                "#fill": "none",
                                "#stroke": "black",
                                "#d": "M283.196,1518.199L1104.32,1622.482"
                            }
                        },
                        {
                            "#class": "edge",
                            "#id": "lauch--zwiebel",
                            "#data-sub": "b",
                            "path": {
                                "#fill": "none",
                                "#stroke": "black",
                                "#d": "M210.881,1402.098L315.893,1093.556"
                            }
                        },
                        {
                            "#class": "edge",
                            "#id": "lauchzwiebel--olivenöl",
                            "#data-sub": "b",
                            "path": {
                                "#fill": "none",
                                "#stroke": "black",
                                "#d": "M3731.68,1177.507L3980.92,1457.879"
                            }
                        },
                        {
                            "#class": "edge",
                            "#id": "lauchzwiebel--räucherspeck",
                            "#data-sub": "b",
                            "path": {
                                "#fill": "none",
                                "#stroke": "black",
                                "#d": "M3654.39,988.56L3644.17,784.02"
                            }
                        },
                        {
                            "#class": "edge",
                            "#id": "lauchzwiebel--zitrone",
                            "#data-sub": "b",
                            "path": {
                                "#fill": "none",
                                "#stroke": "black",
                                "#d": "M3761.2,1058.93L4133.06,920.67"
                            }
                        },
                        {
                            "#class": "edge",
                            "#id": "muskat--sahne",
                            "#data-sub": "b",
                            "path": {
                                "#fill": "none",
                                "#stroke": "black",
                                "#d": "M372.655,1845.543L557.528,1902.878"
                            }
                        },
                        {
                            "#class": "edge",
                            "#id": "muskat--weizenmehl",
                            "#data-sub": "b",
                            "path": {
                                "#fill": "none",
                                "#stroke": "black",
                                "#d": "M376.164,1795.827L1105.24,1675.43"
                            }
                        },
                        {
                            "#class": "edge",
                            "#id": "muskat--zwiebel",
                            "#data-sub": "b",
                            "path": {
                                "#fill": "none",
                                "#stroke": "black",
                                "#d": "M281.963,1706.155L353.431,1101.945"
                            }
                        },
                        {
                            "#class": "edge",
                            "#id": "olivenöl--räucherspeck",
                            "#data-sub": "b",
                            "path": {
                                "#fill": "none",
                                "#stroke": "black",
                                "#d": "M4006.09,1441.221L3685.58,773.43"
                            }
                        },
                        {
                            "#class": "edge",
                            "#id": "olivenöl--zitrone",
                            "#data-sub": "b",
                            "path": {
                                "#fill": "none",
                                "#stroke": "black",
                                "#d": "M4081.85,1434.662L4205.62,987.13"
                            }
                        },
                        {
                            "#class": "edge",
                            "#id": "räucherspeck--zitrone",
                            "#data-sub": "b",
                            "path": {
                                "#fill": "none",
                                "#stroke": "black",
                                "#d": "M3740.83,711.39L4132.24,847.47"
                            }
                        },
                        {
                            "#class": "edge",
                            "#id": "sahne--weizenmehl",
                            "#data-sub": "b",
                            "path": {
                                "#fill": "none",
                                "#stroke": "black",
                                "#d": "M758.856,1889.541L1119.94,1722.449"
                            }
                        },
                        {
                            "#class": "edge",
                            "#id": "sahne--zwiebel",
                            "#data-sub": "b",
                            "path": {
                                "#fill": "none",
                                "#stroke": "black",
                                "#d": "M631.431,1830.598L424.62,1096.395"
                            }
                        },
                        {
                            "#class": "edge",
                            "#id": "weizenmehl--zwiebel",
                            "#data-sub": "b",
                            "path": {
                                "#fill": "none",
                                "#stroke": "black",
                                "#d": "M1142.72,1531.406L518.229,1034.14"
                            }
                        }
                    ]
                },
                {
                    "#id": "intersectEdges",
                    "g": [
                        {
                            "#class": "edge",
                            "#id": "brühe--weizenmehl",
                            "#data-sub": "ab",
                            "path": {
                                "#fill": "none",
                                "#stroke": "Red",
                                "#d": "M1225.09,1446.422L1232.44,1470.418"
                            }
                        },
                        {
                            "#class": "edge",
                            "#id": "butter--zwiebel",
                            "#data-sub": "ab",
                            "path": {
                                "#fill": "none",
                                "#stroke": "Red",
                                "#d": "M625.364,1075.74L530.51,1016.77"
                            }
                        }
                    ]
                },
                {
                    "#id": "ANodes",
                    "g": [
                        {
                            "#class": "node",
                            "#id": "steinpilz",
                            "#data-sub": "a",
                            "title": {},
                            "ellipse": {
                                "#class": "i-veg",
                                "#cx": "374.269",
                                "#cy": "329.18",
                                "#rx": "108",
                                "#ry": "108"
                            },
                            "text": {
                                "#x": "374.269",
                                "#y": "359.18",
                                "#text-anchor": "middle",
                                "#font-family": "Arial",
                                "#font-size": "23",
                                "#text-content": "Steinpilz"
                            }
                        },
                        {
                            "#class": "node",
                            "#id": "speck",
                            "#data-sub": "a",
                            "title": {},
                            "ellipse": {
                                "#class": "i-meat",
                                "#cx": "1315.98",
                                "#cy": "897.38",
                                "#rx": "183",
                                "#ry": "183"
                            },
                            "text": {
                                "#x": "1315.98",
                                "#y": "927.38",
                                "#text-anchor": "middle",
                                "#font-family": "Arial",
                                "#font-size": "23",
                                "#text-content": "Speck"
                            }
                        },
                        {
                            "#class": "node",
                            "#id": "ei",
                            "#data-sub": "a",
                            "title": {},
                            "ellipse": {
                                "#class": "i-egg",
                                "#cx": "1415.97",
                                "#cy": "523.17",
                                "#rx": "183",
                                "#ry": "183"
                            },
                            "text": {
                                "#x": "1415.97",
                                "#y": "553.17",
                                "#text-anchor": "middle",
                                "#font-family": "Arial",
                                "#font-size": "23",
                                "#text-content": "Ei"
                            }
                        },
                        {
                            "#class": "node",
                            "#id": "brot",
                            "#data-sub": "a",
                            "title": {},
                            "ellipse": {
                                "#class": "i-carb",
                                "#cx": "745.884",
                                "#cy": "135",
                                "#rx": "108",
                                "#ry": "108"
                            },
                            "text": {
                                "#x": "745.884",
                                "#y": "165",
                                "#text-anchor": "middle",
                                "#font-family": "Arial",
                                "#font-size": "23",
                                "#text-content": "Brot"
                            }
                        },
                        {
                            "#class": "node",
                            "#id": "erbsen",
                            "#data-sub": "a",
                            "title": {},
                            "ellipse": {
                                "#class": "i-veg",
                                "#cx": "1949.42",
                                "#cy": "910.19",
                                "#rx": "108",
                                "#ry": "108"
                            },
                            "text": {
                                "#x": "1949.42",
                                "#y": "940.19",
                                "#text-anchor": "middle",
                                "#font-family": "Arial",
                                "#font-size": "23",
                                "#text-content": "Erbsen"
                            }
                        },
                        {
                            "#class": "node",
                            "#id": "karotte",
                            "#data-sub": "a",
                            "title": {},
                            "ellipse": {
                                "#class": "i-veg",
                                "#cx": "1917.54",
                                "#cy": "1376.127",
                                "#rx": "108",
                                "#ry": "108"
                            },
                            "text": {
                                "#x": "1917.54",
                                "#y": "1406.127",
                                "#text-anchor": "middle",
                                "#font-family": "Arial",
                                "#font-size": "23",
                                "#text-content": "Karotte"
                            }
                        }
                    ]
                },
                {
                    "#id": "BNodes",
                    "g": [
                        {
                            "#class": "node",
                            "#id": "gurke",
                            "#data-sub": "b",
                            "title": {},
                            "ellipse": {
                                "#class": "i-veg",
                                "#cx": "3644.34",
                                "#cy": "1492.826",
                                "#rx": "108",
                                "#ry": "108"
                            },
                            "text": {
                                "#x": "3644.34",
                                "#y": "1522.826",
                                "#text-anchor": "middle",
                                "#font-family": "Arial",
                                "#font-size": "23",
                                "#text-content": "Gurke"
                            }
                        },
                        {
                            "#class": "node",
                            "#id": "dill",
                            "#data-sub": "b",
                            "title": {},
                            "ellipse": {
                                "#class": "i-herb",
                                "#cx": "4206.66",
                                "#cy": "1209.372",
                                "#rx": "108",
                                "#ry": "108"
                            },
                            "text": {
                                "#x": "4206.66",
                                "#y": "1239.372",
                                "#text-anchor": "middle",
                                "#font-family": "Arial",
                                "#font-size": "23",
                                "#text-content": "Dill"
                            }
                        },
                        {
                            "#class": "node",
                            "#id": "zitrone",
                            "#data-sub": "b",
                            "title": {},
                            "ellipse": {
                                "#class": "i-fruit",
                                "#cx": "4234.42",
                                "#cy": "882.99",
                                "#rx": "108",
                                "#ry": "108"
                            },
                            "text": {
                                "#x": "4234.42",
                                "#y": "912.99",
                                "#text-anchor": "middle",
                                "#font-family": "Arial",
                                "#font-size": "23",
                                "#text-content": "Zitrone"
                            }
                        },
                        {
                            "#class": "node",
                            "#id": "lauchzwiebel",
                            "#data-sub": "b",
                            "title": {},
                            "ellipse": {
                                "#class": "i-onion",
                                "#cx": "3659.79",
                                "#cy": "1096.634",
                                "#rx": "108",
                                "#ry": "108"
                            },
                            "text": {
                                "#x": "3659.79",
                                "#y": "1126.634",
                                "#text-anchor": "middle",
                                "#font-family": "Arial",
                                "#font-size": "23",
                                "#text-content": "Lauchzwiebel"
                            }
                        },
                        {
                            "#class": "node",
                            "#id": "olivenöl",
                            "#data-sub": "b",
                            "title": {},
                            "ellipse": {
                                "#class": "i-fat",
                                "#cx": "4053",
                                "#cy": "1538.966",
                                "#rx": "108",
                                "#ry": "108"
                            },
                            "text": {
                                "#x": "4053",
                                "#y": "1568.966",
                                "#text-anchor": "middle",
                                "#font-family": "Arial",
                                "#font-size": "23",
                                "#text-content": "Olivenöl"
                            }
                        },
                        {
                            "#class": "node",
                            "#id": "räucherspeck",
                            "#data-sub": "b",
                            "title": {},
                            "ellipse": {
                                "#class": "i-meat",
                                "#cx": "3638.77",
                                "#cy": "675.9",
                                "#rx": "108",
                                "#ry": "108"
                            },
                            "text": {
                                "#x": "3638.77",
                                "#y": "705.9",
                                "#text-anchor": "middle",
                                "#font-family": "Arial",
                                "#font-size": "23",
                                "#text-content": "Räucherspeck"
                            }
                        },
                        {
                            "#class": "node",
                            "#id": "sahne",
                            "#data-sub": "b",
                            "title": {},
                            "ellipse": {
                                "#class": "i-milk",
                                "#cx": "660.814",
                                "#cy": "1934.91",
                                "#rx": "108",
                                "#ry": "108"
                            },
                            "text": {
                                "#x": "660.814",
                                "#y": "1964.91",
                                "#text-anchor": "middle",
                                "#font-family": "Arial",
                                "#font-size": "23",
                                "#text-content": "Sahne"
                            }
                        },
                        {
                            "#class": "node",
                            "#id": "muskat",
                            "#data-sub": "b",
                            "title": {},
                            "ellipse": {
                                "#class": "i-spice",
                                "#cx": "269.269",
                                "#cy": "1813.48",
                                "#rx": "108",
                                "#ry": "108"
                            },
                            "text": {
                                "#x": "269.269",
                                "#y": "1843.48",
                                "#text-anchor": "middle",
                                "#font-family": "Arial",
                                "#font-size": "23",
                                "#text-content": "Muskat"
                            }
                        }
                    ]
                },
                {
                    "#id": "intersectNodes",
                    "g": [
                        {
                            "#class": "node",
                            "#id": "kartoffel",
                            "#data-sub": "ab",
                            "title": {},
                            "ellipse": {
                                "#class": "i-carb",
                                "#cx": "2714.16",
                                "#cy": "1124.86",
                                "#rx": "183",
                                "#ry": "183"
                            },
                            "text": {
                                "#x": "2714.16",
                                "#y": "1154.86",
                                "#text-anchor": "middle",
                                "#font-family": "Arial",
                                "#font-size": "23",
                                "#text-content": "Kartoffel"
                            }
                        },
                        {
                            "#class": "node",
                            "#id": "brühe",
                            "#data-sub": "ab",
                            "title": {},
                            "ellipse": {
                                "#class": "i-condi",
                                "#cx": "1171.47",
                                "#cy": "1271.381",
                                "#rx": "183",
                                "#ry": "183"
                            },
                            "text": {
                                "#x": "1171.47",
                                "#y": "1301.381",
                                "#text-anchor": "middle",
                                "#font-family": "Arial",
                                "#font-size": "23",
                                "#text-content": "Brühe"
                            }
                        },
                        {
                            "#class": "node",
                            "#id": "butter",
                            "#data-sub": "ab",
                            "title": {},
                            "ellipse": {
                                "#class": "i-fat",
                                "#cx": "780.844",
                                "#cy": "1172.406",
                                "#rx": "183",
                                "#ry": "183"
                            },
                            "text": {
                                "#x": "780.844",
                                "#y": "1202.406",
                                "#text-anchor": "middle",
                                "#font-family": "Arial",
                                "#font-size": "23",
                                "#text-content": "Butter"
                            }
                        },
                        {
                            "#class": "node",
                            "#id": "weizenmehl",
                            "#data-sub": "ab",
                            "title": {},
                            "ellipse": {
                                "#class": "i-carb",
                                "#cx": "1286.08",
                                "#cy": "1645.566",
                                "#rx": "183",
                                "#ry": "183"
                            },
                            "text": {
                                "#x": "1286.08",
                                "#y": "1675.566",
                                "#text-anchor": "middle",
                                "#font-family": "Arial",
                                "#font-size": "23",
                                "#text-content": "Weizenmehl"
                            }
                        },
                        {
                            "#class": "node",
                            "#id": "zwiebel",
                            "#data-sub": "ab",
                            "title": {},
                            "ellipse": {
                                "#class": "i-onion",
                                "#cx": "374.946",
                                "#cy": "920.05",
                                "#rx": "183",
                                "#ry": "183"
                            },
                            "text": {
                                "#x": "374.946",
                                "#y": "950.05",
                                "#text-anchor": "middle",
                                "#font-family": "Arial",
                                "#font-size": "23",
                                "#text-content": "Zwiebel"
                            }
                        }
                    ]
                }
            ]
        },
        "g": {
            "#class": "graph",
            "#id": "graph0",
            "use": [
                {"#href": "AEdges"},
                {"#href": "intersectEdges"},
                {"#href": "ANodes"},
                {"#href": "intersectNodes"}
            ]
        }
    }
}