{"title":"Vergleich K50 - K60","collections":[{"A":{"name":"HD-Gemüse","author":"Henriette Davidis","recipes":["Backofen-Pilze","Erbsenauflauf"]}},{"B":{"name":"YO-Gemüse","author":"Yotam Ottolenghi","recipes":["Gurkensalat mit Kartoffelpüree","Lauchgemüse"]}}],"recipes":[{"recipeName":"Backofen-Pilze","ingredients":["steinpilz","butter","speck","ei","brot","zwiebel"]},{"recipeName":"Erbsenauflauf","ingredients":["erbsen","karotte","ei","kartoffel","speck","weizenmehl","brühe"]},{"recipeName":"Gurkensalat mit Kartoffelpüree","ingredients":["gurke","dill","zitrone","kartoffel","lauchzwiebel","olivenöl","räucherspeck"]},{"recipeName":"Lauchgemüse","ingredients":["lauch","brühe","butter","weizenmehl","sahne","muskat","zwiebel"]}],"ingredients":[{"id":"steinpilz","sub":"A","label":"Steinpilz","occurs":"1","class":"veg"},{"id":"speck","sub":"A","label":"Speck","occurs":"2","class":"meat"},{"id":"ei","sub":"A","label":"Ei","occurs":"2","class":"egg"},{"id":"brot","sub":"A","label":"Brot","occurs":"1","class":"carb"},{"id":"erbsen","sub":"A","label":"Erbsen","occurs":"1","class":"veg"},{"id":"karotte","sub":"A","label":"Karotte","occurs":"1","class":"veg"},{"id":"gurke","sub":"B","label":"Gurke","occurs":"1","class":"veg"},{"id":"dill","sub":"B","label":"Dill","occurs":"1","class":"herb"},{"id":"zitrone","sub":"B","label":"Zitrone","occurs":"1","class":"fruit"},{"id":"lauchzwiebel","sub":"B","label":"Lauchzwiebel","occurs":"1","class":"onion"},{"id":"olivenöl","sub":"B","label":"Olivenöl","occurs":"1","class":"fat"},{"id":"räucherspeck","sub":"B","label":"Räucherspeck","occurs":"1","class":"meat"},{"id":"lauch","sub":"B","label":"Lauch","occurs":"1","class":"veg"},{"id":"sahne","sub":"B","label":"Sahne","occurs":"1","class":"milk"},{"id":"muskat","sub":"B","label":"Muskat","occurs":"1","class":"spice"},{"id":"kartoffel","sub":"AB","label":"Kartoffel","occurs":"2","class":"carb"},{"id":"brühe","sub":"AB","label":"Brühe","occurs":"2","class":"condi"},{"id":"butter","sub":"AB","label":"Butter","occurs":"2","class":"fat"},{"id":"weizenmehl","sub":"AB","label":"Weizenmehl","occurs":"2","class":"carb"},{"id":"zwiebel","sub":"AB","label":"Zwiebel","occurs":"2","class":"onion"}],"svg":{"#xmlns":"http:\/\/www.w3.org\/2000\/svg","#version":"1.1","#viewBox":"0.00 0.00 3458.77 1548.18","#preserveAspectRatio":"xMidYMid meet","#zoomAndPan":"magnify","#contentScriptType":"text\/ecmascript","#contentStyleType":"text\/css","defs":{"g":[{"#id":"AEdges","g":[{"#class":"edge","#id":"brot--butter","#data-sub":"a","path":{"#fill":"none","#stroke":"black","#d":"M620.204,115.01L603.307,837.741"}},{"#class":"edge","#id":"brot--ei","#data-sub":"a","path":{"#fill":"none","#stroke":"black","#d":"M635.054,108.11L1088.4,457.22"}},{"#class":"edge","#id":"brot--speck","#data-sub":"a","path":{"#fill":"none","#stroke":"black","#d":"M632.143,111.28L1048.3,627.074"}},{"#class":"edge","#id":"brot--steinpilz","#data-sub":"a","path":{"#fill":"none","#stroke":"black","#d":"M604.422,105.6L357.931,236.38"}},{"#class":"edge","#id":"brot--zwiebel","#data-sub":"a","path":{"#fill":"none","#stroke":"black","#d":"M613.671,113.65L372.544,691.141"}},{"#class":"edge","#id":"brühe--ei","#data-sub":"a","path":{"#fill":"none","#stroke":"black","#d":"M964.9,962.924L1097.88,485.85"}},{"#class":"edge","#id":"brühe--erbsen","#data-sub":"a","path":{"#fill":"none","#stroke":"black","#d":"M976.272,972.234L1519,694.876"}},{"#class":"edge","#id":"brühe--karotte","#data-sub":"a","path":{"#fill":"none","#stroke":"black","#d":"M978.092,981.992L1505.33,1023.78"}},{"#class":"edge","#id":"brühe--kartoffel","#data-sub":"a","path":{"#fill":"none","#stroke":"black","#d":"M978.051,978.408L2092.09,845.858"}},{"#class":"edge","#id":"brühe--speck","#data-sub":"a","path":{"#fill":"none","#stroke":"black","#d":"M965.067,963.262L1054.51,658.868"}},{"#class":"edge","#id":"butter--ei","#data-sub":"a","path":{"#fill":"none","#stroke":"black","#d":"M617.304,844.738L1088.29,479.51"}},{"#class":"edge","#id":"butter--speck","#data-sub":"a","path":{"#fill":"none","#stroke":"black","#d":"M619.41,848.152L1043.19,648.959"}},{"#class":"edge","#id":"butter--steinpilz","#data-sub":"a","path":{"#fill":"none","#stroke":"black","#d":"M595.76,839.263L348.799,261.65"}},{"#class":"edge","#id":"ei--erbsen","#data-sub":"a","path":{"#fill":"none","#stroke":"black","#d":"M1118.94,476.45L1518.68,678.307"}},{"#class":"edge","#id":"ei--karotte","#data-sub":"a","path":{"#fill":"none","#stroke":"black","#d":"M1113.81,482.9L1512.45,1010.752"}},{"#class":"edge","#id":"ei--kartoffel","#data-sub":"a","path":{"#fill":"none","#stroke":"black","#d":"M1119.84,474.64L2092.9,837.297"}},{"#class":"edge","#id":"ei--speck","#data-sub":"a","path":{"#fill":"none","#stroke":"Red","#d":"M1098.41,485.82L1064.08,623.623"}},{"#class":"edge","#id":"ei--steinpilz","#data-sub":"a","path":{"#fill":"none","#stroke":"black","#d":"M1085.45,463.2L358.983,250.08"}},{"#class":"edge","#id":"ei--weizenmehl","#data-sub":"a","path":{"#fill":"none","#stroke":"black","#d":"M1100.05,486.22L1001.722,1133.905"}},{"#class":"edge","#id":"ei--zwiebel","#data-sub":"a","path":{"#fill":"none","#stroke":"black","#d":"M1085.64,473.85L382.964,702.138"}},{"#class":"edge","#id":"erbsen--karotte","#data-sub":"a","path":{"#fill":"none","#stroke":"black","#d":"M1534.52,704.829L1524.01,1006.916"}},{"#class":"edge","#id":"erbsen--kartoffel","#data-sub":"a","path":{"#fill":"none","#stroke":"black","#d":"M1552.67,691.412L2092.73,838.963"}},{"#class":"edge","#id":"erbsen--speck","#data-sub":"a","path":{"#fill":"none","#stroke":"black","#d":"M1517.09,684.9L1077.78,642.928"}},{"#class":"edge","#id":"erbsen--weizenmehl","#data-sub":"a","path":{"#fill":"none","#stroke":"black","#d":"M1521.36,698.596L1012.68,1140.077"}},{"#class":"edge","#id":"karotte--kartoffel","#data-sub":"a","path":{"#fill":"none","#stroke":"black","#d":"M1540.61,1019.876L2092.88,849.047"}},{"#class":"edge","#id":"karotte--speck","#data-sub":"a","path":{"#fill":"none","#stroke":"black","#d":"M1509.5,1013.717L1073.98,653.025"}},{"#class":"edge","#id":"karotte--weizenmehl","#data-sub":"a","path":{"#fill":"none","#stroke":"black","#d":"M1505.62,1029.499L1016.72,1147.679"}},{"#class":"edge","#id":"kartoffel--speck","#data-sub":"a","path":{"#fill":"none","#stroke":"black","#d":"M2092.33,840.283L1077.65,644.662"}},{"#class":"edge","#id":"kartoffel--weizenmehl","#data-sub":"a","path":{"#fill":"none","#stroke":"black","#d":"M2092.67,848.555L1016.39,1147.137"}},{"#class":"edge","#id":"speck--steinpilz","#data-sub":"a","path":{"#fill":"none","#stroke":"black","#d":"M1043.7,632.37L357.726,253.86"}},{"#class":"edge","#id":"speck--weizenmehl","#data-sub":"a","path":{"#fill":"none","#stroke":"black","#d":"M1057.57,659.08L1001.119,1133.969"}},{"#class":"edge","#id":"speck--zwiebel","#data-sub":"a","path":{"#fill":"none","#stroke":"black","#d":"M1041.49,642.948L383.615,706.052"}},{"#class":"edge","#id":"steinpilz--zwiebel","#data-sub":"a","path":{"#fill":"none","#stroke":"black","#d":"M342.621,263.15L364.666,689.764"}}]},{"#id":"BEdges","g":[{"#class":"edge","#id":"brühe--butter","#data-sub":"b","path":{"#fill":"none","#stroke":"black","#d":"M942.761,974.546L619.933,861.872"}},{"#class":"edge","#id":"brühe--lauch","#data-sub":"b","path":{"#fill":"none","#stroke":"black","#d":"M942.065,983.968L173.963,1130.161"}},{"#class":"edge","#id":"brühe--muskat","#data-sub":"b","path":{"#fill":"none","#stroke":"black","#d":"M943.53,988.746L221.964,1347.839"}},{"#class":"edge","#id":"brühe--sahne","#data-sub":"b","path":{"#fill":"none","#stroke":"black","#d":"M949.037,995.063L598.567,1459.4336"}},{"#class":"edge","#id":"brühe--zwiebel","#data-sub":"b","path":{"#fill":"none","#stroke":"black","#d":"M943.467,972.977L382.034,715.324"}},{"#class":"edge","#id":"butter--lauch","#data-sub":"b","path":{"#fill":"none","#stroke":"black","#d":"M587.499,865.478L171.318,1124.063"}},{"#class":"edge","#id":"butter--muskat","#data-sub":"b","path":{"#fill":"none","#stroke":"black","#d":"M591.636,870.079L217.253,1341.406"}},{"#class":"edge","#id":"butter--sahne","#data-sub":"b","path":{"#fill":"none","#stroke":"black","#d":"M602.428,874.089L587.891,1456.0105"}},{"#class":"edge","#id":"butter--weizenmehl","#data-sub":"b","path":{"#fill":"none","#stroke":"black","#d":"M617.449,866.808L984.28,1140.981"}},{"#class":"edge","#id":"dill--gurke","#data-sub":"b","path":{"#fill":"none","#stroke":"black","#d":"M3262.57,912.217L2817.88,1110.136"}},{"#class":"edge","#id":"dill--kartoffel","#data-sub":"b","path":{"#fill":"none","#stroke":"black","#d":"M3260.65,903.936L2128.44,844.672"}},{"#class":"edge","#id":"dill--lauchzwiebel","#data-sub":"b","path":{"#fill":"none","#stroke":"black","#d":"M3261.25,901.319L2844.07,817.258"}},{"#class":"edge","#id":"dill--olivenöl","#data-sub":"b","path":{"#fill":"none","#stroke":"black","#d":"M3272.56,921.732L3187.1,1144.58"}},{"#class":"edge","#id":"dill--räucherspeck","#data-sub":"b","path":{"#fill":"none","#stroke":"black","#d":"M3265.4,892.462L2853.66,516.37"}},{"#class":"edge","#id":"dill--zitrone","#data-sub":"b","path":{"#fill":"none","#stroke":"black","#d":"M3278.1,886.726L3267.18,670.23"}},{"#class":"edge","#id":"gurke--kartoffel","#data-sub":"b","path":{"#fill":"none","#stroke":"black","#d":"M2784.52,1110.901L2126.95,850.381"}},{"#class":"edge","#id":"gurke--lauchzwiebel","#data-sub":"b","path":{"#fill":"none","#stroke":"black","#d":"M2802.73,1099.432L2824.48,831.612"}},{"#class":"edge","#id":"gurke--olivenöl","#data-sub":"b","path":{"#fill":"none","#stroke":"black","#d":"M2819.3,1119.624L3162.47,1159.375"}},{"#class":"edge","#id":"gurke--räucherspeck","#data-sub":"b","path":{"#fill":"none","#stroke":"black","#d":"M2802.4,1099.507L2839.06,522.11"}},{"#class":"edge","#id":"gurke--zitrone","#data-sub":"b","path":{"#fill":"none","#stroke":"black","#d":"M2814.18,1104.603L3253.19,665.311"}},{"#class":"edge","#id":"kartoffel--lauchzwiebel","#data-sub":"b","path":{"#fill":"none","#stroke":"black","#d":"M2128.17,842.954L2807.94,814.362"}},{"#class":"edge","#id":"kartoffel--olivenöl","#data-sub":"b","path":{"#fill":"none","#stroke":"black","#d":"M2127.81,848.963L3163.11,1156.279"}},{"#class":"edge","#id":"kartoffel--räucherspeck","#data-sub":"b","path":{"#fill":"none","#stroke":"black","#d":"M2126.74,835.981L2823.61,511.8"}},{"#class":"edge","#id":"kartoffel--zitrone","#data-sub":"b","path":{"#fill":"none","#stroke":"black","#d":"M2128.28,840.705L3248.15,655.224"}},{"#class":"edge","#id":"lauch--muskat","#data-sub":"b","path":{"#fill":"none","#stroke":"black","#d":"M159.985,1151.399L201.79,1338.325"}},{"#class":"edge","#id":"lauch--sahne","#data-sub":"b","path":{"#fill":"none","#stroke":"black","#d":"M170.355,1144.912L573.029,1462.8051"}},{"#class":"edge","#id":"lauch--weizenmehl","#data-sub":"b","path":{"#fill":"none","#stroke":"black","#d":"M173.997,1133.973L980.793,1151.571"}},{"#class":"edge","#id":"lauch--zwiebel","#data-sub":"b","path":{"#fill":"none","#stroke":"black","#d":"M163.96,1117.408L357.628,723.968"}},{"#class":"edge","#id":"lauchzwiebel--olivenöl","#data-sub":"b","path":{"#fill":"none","#stroke":"black","#d":"M2838.98,826.399L3167.46,1148.567"}},{"#class":"edge","#id":"lauchzwiebel--räucherspeck","#data-sub":"b","path":{"#fill":"none","#stroke":"black","#d":"M2826.79,795.17L2839.36,522.42"}},{"#class":"edge","#id":"lauchzwiebel--zitrone","#data-sub":"b","path":{"#fill":"none","#stroke":"black","#d":"M2842.93,807.378L3249.09,658.519"}},{"#class":"edge","#id":"muskat--sahne","#data-sub":"b","path":{"#fill":"none","#stroke":"black","#d":"M223.118,1361.309L569.942,1468.7597"}},{"#class":"edge","#id":"muskat--weizenmehl","#data-sub":"b","path":{"#fill":"none","#stroke":"black","#d":"M223.405,1351.374L981.257,1156.525"}},{"#class":"edge","#id":"muskat--zwiebel","#data-sub":"b","path":{"#fill":"none","#stroke":"black","#d":"M210.084,1338.248L361.241,725.437"}},{"#class":"edge","#id":"olivenöl--räucherspeck","#data-sub":"b","path":{"#fill":"none","#stroke":"black","#d":"M3172.21,1145.227L2848.63,520.35"}},{"#class":"edge","#id":"olivenöl--zitrone","#data-sub":"b","path":{"#fill":"none","#stroke":"black","#d":"M3183.62,1143.651L3263.25,670.168"}},{"#class":"edge","#id":"räucherspeck--zitrone","#data-sub":"b","path":{"#fill":"none","#stroke":"black","#d":"M2857.43,510.07L3248.83,646.157"}},{"#class":"edge","#id":"sahne--weizenmehl","#data-sub":"b","path":{"#fill":"none","#stroke":"black","#d":"M602.085,1462.7123L984.508,1163.298"}},{"#class":"edge","#id":"sahne--zwiebel","#data-sub":"b","path":{"#fill":"none","#stroke":"black","#d":"M582.387,1456.7327L370.639,725.2"}},{"#class":"edge","#id":"weizenmehl--zwiebel","#data-sub":"b","path":{"#fill":"none","#stroke":"black","#d":"M983.948,1141.426L380.488,718.223"}}]},{"#id":"intersectEdges","g":[{"#class":"edge","#id":"brühe--weizenmehl","#data-sub":"ab","path":{"#fill":"none","#stroke":"Red","#d":"M964.011,998.256L994.975,1134.366"}},{"#class":"edge","#id":"butter--zwiebel","#data-sub":"ab","path":{"#fill":"none","#stroke":"Red","#d":"M587.313,846.201L380.914,717.343"}}]},{"#id":"ANodes","g":[{"#class":"node","#id":"steinpilz","#data-sub":"a","title":{},"ellipse":{"#class":"i-veg","#cx":"341.683","#cy":"245.01","#rx":"18","#ry":"18"},"text":{"#x":"341.683","#y":"275.01","#text-anchor":"middle","#font-family":"Arial","#font-size":"18","#text-content":"steinpilz"}},{"#class":"node","#id":"speck","#data-sub":"a","title":{},"ellipse":{"#class":"i-meat","#cx":"1059.7","#cy":"641.201","#rx":"18","#ry":"18"},"text":{"#x":"1059.7","#y":"671.201","#text-anchor":"middle","#font-family":"Arial","#font-size":"18","#text-content":"speck"}},{"#class":"node","#id":"ei","#data-sub":"a","title":{},"ellipse":{"#class":"i-egg","#cx":"1102.77","#cy":"468.29","#rx":"18","#ry":"18"},"text":{"#x":"1102.77","#y":"498.29","#text-anchor":"middle","#font-family":"Arial","#font-size":"18","#text-content":"ei"}},{"#class":"node","#id":"brot","#data-sub":"a","title":{},"ellipse":{"#class":"i-carb","#cx":"620.625","#cy":"97","#rx":"18","#ry":"18"},"text":{"#x":"620.625","#y":"127","#text-anchor":"middle","#font-family":"Arial","#font-size":"18","#text-content":"brot"}},{"#class":"node","#id":"erbsen","#data-sub":"a","title":{},"ellipse":{"#class":"i-veg","#cx":"1535.15","#cy":"686.625","#rx":"18","#ry":"18"},"text":{"#x":"1535.15","#y":"716.625","#text-anchor":"middle","#font-family":"Arial","#font-size":"18","#text-content":"erbsen"}},{"#class":"node","#id":"karotte","#data-sub":"a","title":{},"ellipse":{"#class":"i-veg","#cx":"1523.37","#cy":"1025.209","#rx":"18","#ry":"18"},"text":{"#x":"1523.37","#y":"1055.209","#text-anchor":"middle","#font-family":"Arial","#font-size":"18","#text-content":"karotte"}}]},{"#id":"BNodes","g":[{"#class":"node","#id":"gurke","#data-sub":"b","title":{},"ellipse":{"#class":"i-veg","#cx":"2801.26","#cy":"1117.534","#rx":"18","#ry":"18"},"text":{"#x":"2801.26","#y":"1147.534","#text-anchor":"middle","#font-family":"Arial","#font-size":"18","#text-content":"gurke"}},{"#class":"node","#id":"dill","#data-sub":"b","title":{},"ellipse":{"#class":"i-herb","#cx":"3279.01","#cy":"904.897","#rx":"18","#ry":"18"},"text":{"#x":"3279.01","#y":"934.897","#text-anchor":"middle","#font-family":"Arial","#font-size":"18","#text-content":"dill"}},{"#class":"node","#id":"zitrone","#data-sub":"b","title":{},"ellipse":{"#class":"i-fruit","#cx":"3266.27","#cy":"652.223","#rx":"18","#ry":"18"},"text":{"#x":"3266.27","#y":"682.223","#text-anchor":"middle","#font-family":"Arial","#font-size":"18","#text-content":"zitrone"}},{"#class":"node","#id":"lauchzwiebel","#data-sub":"b","title":{},"ellipse":{"#class":"i-onion","#cx":"2825.94","#cy":"813.605","#rx":"18","#ry":"18"},"text":{"#x":"2825.94","#y":"843.605","#text-anchor":"middle","#font-family":"Arial","#font-size":"18","#text-content":"lauchzwiebel"}},{"#class":"node","#id":"olivenöl","#data-sub":"b","title":{},"ellipse":{"#class":"i-fat","#cx":"3180.62","#cy":"1161.477","#rx":"18","#ry":"18"},"text":{"#x":"3180.62","#y":"1191.477","#text-anchor":"middle","#font-family":"Arial","#font-size":"18","#text-content":"olivenöl"}},{"#class":"node","#id":"räucherspeck","#data-sub":"b","title":{},"ellipse":{"#class":"i-meat","#cx":"2840.2","#cy":"504.08","#rx":"18","#ry":"18"},"text":{"#x":"2840.2","#y":"534.08","#text-anchor":"middle","#font-family":"Arial","#font-size":"18","#text-content":"räucherspeck"}},{"#class":"node","#id":"lauch","#data-sub":"b","title":{},"ellipse":{"#class":"i-veg","#cx":"156","#cy":"1133.58","#rx":"18","#ry":"18"},"text":{"#x":"156","#y":"1163.58","#text-anchor":"middle","#font-family":"Arial","#font-size":"18","#text-content":"lauch"}},{"#class":"node","#id":"sahne","#data-sub":"b","title":{},"ellipse":{"#class":"i-milk","#cx":"587.438","#cy":"1474.18","#rx":"18","#ry":"18"},"text":{"#x":"587.438","#y":"1504.18","#text-anchor":"middle","#font-family":"Arial","#font-size":"18","#text-content":"sahne"}},{"#class":"node","#id":"muskat","#data-sub":"b","title":{},"ellipse":{"#class":"i-spice","#cx":"205.725","#cy":"1355.92","#rx":"18","#ry":"18"},"text":{"#x":"205.725","#y":"1385.92","#text-anchor":"middle","#font-family":"Arial","#font-size":"18","#text-content":"muskat"}}]},{"#id":"intersectNodes","g":[{"#class":"node","#id":"kartoffel","#data-sub":"ab","title":{},"ellipse":{"#class":"i-carb","#cx":"2110.12","#cy":"843.713","#rx":"18","#ry":"18"},"text":{"#x":"2110.12","#y":"873.713","#text-anchor":"middle","#font-family":"Arial","#font-size":"18","#text-content":"kartoffel"}},{"#class":"node","#id":"brühe","#data-sub":"ab","title":{},"ellipse":{"#class":"i-condi","#cx":"959.985","#cy":"980.557","#rx":"18","#ry":"18"},"text":{"#x":"959.985","#y":"1010.557","#text-anchor":"middle","#font-family":"Arial","#font-size":"18","#text-content":"brühe"}},{"#class":"node","#id":"butter","#data-sub":"ab","title":{},"ellipse":{"#class":"i-fat","#cx":"602.882","#cy":"855.921","#rx":"18","#ry":"18"},"text":{"#x":"602.882","#y":"885.921","#text-anchor":"middle","#font-family":"Arial","#font-size":"18","#text-content":"butter"}},{"#class":"node","#id":"weizenmehl","#data-sub":"ab","title":{},"ellipse":{"#class":"i-carb","#cx":"998.98","#cy":"1151.968","#rx":"18","#ry":"18"},"text":{"#x":"998.98","#y":"1181.968","#text-anchor":"middle","#font-family":"Arial","#font-size":"18","#text-content":"weizenmehl"}},{"#class":"node","#id":"zwiebel","#data-sub":"ab","title":{},"ellipse":{"#class":"i-onion","#cx":"365.597","#cy":"707.78","#rx":"18","#ry":"18"},"text":{"#x":"365.597","#y":"737.78","#text-anchor":"middle","#font-family":"Arial","#font-size":"18","#text-content":"zwiebel"}}]}]},"g":{"#class":"graph","#id":"graph0","use":[{"#href":"#AEdges"},{"#href":"#BEdges"},{"#href":"#intersectEdges"},{"#href":"#ANodes"},{"#href":"#BNodes"},{"#href":"#intersectNodes"}]}}}