{
    "title": "Vergleich K50 - K60",
    "ingredients": [
        {
            "id": "brot",
            "label": "Brot",
            "occurs": "1"
        },
        {
            "id": "brühe",
            "label": "Brühe",
            "occurs": "2"
        },
        {
            "id": "butter",
            "label": "Butter",
            "occurs": "2"
        },
        {
            "id": "dill",
            "label": "Dill",
            "occurs": "1"
        },
        {
            "id": "ei",
            "label": "Ei",
            "occurs": "1"
        },
        {
            "id": "erbsen",
            "label": "Erbsen",
            "occurs": "1"
        },
        {
            "id": "gurke",
            "label": "Gurke",
            "occurs": "1"
        },
        {
            "id": "karotte",
            "label": "Karotte",
            "occurs": "1"
        },
        {
            "id": "kartoffel",
            "label": "Kartoffel",
            "occurs": "2"
        },
        {
            "id": "lauch",
            "label": "Lauch",
            "occurs": "1"
        },
        {
            "id": "lauchzwiebel",
            "label": "Lauchzwiebel",
            "occurs": "1"
        },
        {
            "id": "muskat",
            "label": "Muskat",
            "occurs": "1"
        },
        {
            "id": "olivenöl",
            "label": "Olivenöl",
            "occurs": "1"
        },
        {
            "id": "räucherspeck",
            "label": "Räucherspeck",
            "occurs": "1"
        },
        {
            "id": "sahne",
            "label": "Sahne",
            "occurs": "1"
        },
        {
            "id": "speck",
            "label": "Speck",
            "occurs": "1"
        },
        {
            "id": "steinpilz",
            "label": "Steinpilz",
            "occurs": "1"
        },
        {
            "id": "weizenmehl",
            "label": "Weizenmehl",
            "occurs": "2"
        },
        {
            "id": "zitrone",
            "label": "Zitrone",
            "occurs": "1"
        },
        {
            "id": "zwiebel",
            "label": "Zwiebel",
            "occurs": "1"
        }
    ],
    "recipes": [
        {
            "recipeName": "Backofen-Pilze",
            "ingredients": [
                "steinpilz",
                "butter",
                "brot",
                "zwiebel",
                "ei"
            ]
        },
        {
            "recipeName": "Erbsenauflauf",
            "ingredients": [
                "erbsen",
                "karotte",
                "kartoffel",
                "speck",
                "weizenmehl",
                "brühe"
            ]
        },
        {
            "recipeName": "Gurkensalat mit Kartoffelpüree",
            "ingredients": [
                "gurke",
                "dill",
                "zitrone",
                "kartoffel",
                "lauchzwiebel",
                "olivenöl",
                "räucherspeck"
            ]
        },
        {
            "recipeName": "Lauchgemüse",
            "ingredients": [
                "lauch",
                "brühe",
                "butter",
                "weizenmehl",
                "sahne",
                "muskat",
                "zwiebel"
            ]
        }
    ],
    "collections": [
        {
            "A": {
                "name": "HD-Gemüse",
                "author": "Henriette Davidis",
                "recipes": [
                    "Backofen-Pilze",
                    "Erbsenauflauf"
                ]
            }
        },
        {
            "B": {
                "name": "YO-Gemüse",
                "author": "Yotam Ottolenghi",
                "recipes": [
                    "Gurkensalat mit Kartoffelpüree",
                    "Lauchgemüse"
                ]
            }
        }
    ],
    "svg": {
        "#xmlns": "http://www.w3.org/2000/svg",
        "#version": "1.1",
        "#viewBox": "0.00 0.00 4981.54 874.48",
        "#preserveAspectRatio": "xMidYMid meet",
        "#zoomAndPan": "magnify",
        "#contentScriptType": "text/ecmascript",
        "#contentStyleType": "text/css",
        "g": {
            "#class": "graph",
            "#id": "graph0",
            "g": [
                {
                    "#class": "edge",
                    "#id": "brot--butter",
                    "path": {
                        "#fill": "none",
                        "#stroke": "black",
                        "#d": "M531.381,687.198L1086.6,489.013"
                    }
                },
                {
                    "#class": "edge",
                    "#id": "brot--ei",
                    "path": {
                        "#fill": "none",
                        "#stroke": "black",
                        "#d": "M483.911,630.02L536.858,538.791"
                    }
                },
                {
                    "#class": "edge",
                    "#id": "brot--steinpilz",
                    "path": {
                        "#fill": "none",
                        "#stroke": "black",
                        "#d": "M372.857,631.225L296.166,506.609"
                    }
                },
                {
                    "#class": "edge",
                    "#id": "brot--zwiebel",
                    "path": {
                        "#fill": "none",
                        "#stroke": "black",
                        "#d": "M433.326,615.568L445.998,243.253"
                    }
                },
                {
                    "#class": "edge",
                    "#id": "brühe--butter",
                    "path": {
                        "#fill": "none",
                        "#stroke": "black",
                        "#d": "M2199.72,583.403L1440.16,457.382"
                    }
                },
                {
                    "#class": "edge",
                    "#id": "brühe--erbsen",
                    "path": {
                        "#fill": "none",
                        "#stroke": "black",
                        "#d": "M2560.96,644.554L2800.53,685.916"
                    }
                },
                {
                    "#class": "edge",
                    "#id": "brühe--karotte",
                    "path": {
                        "#fill": "none",
                        "#stroke": "black",
                        "#d": "M2554.83,556.971L2854.69,459.933"
                    }
                },
                {
                    "#class": "edge",
                    "#id": "brühe--kartoffel",
                    "path": {
                        "#fill": "none",
                        "#stroke": "black",
                        "#d": "M2561.01,583.056L3348.96,450.641"
                    }
                },
                {
                    "#class": "edge",
                    "#id": "brühe--lauch",
                    "path": {
                        "#fill": "none",
                        "#stroke": "black",
                        "#d": "M2239.43,496.365L1902.11,216.5"
                    }
                },
                {
                    "#class": "edge",
                    "#id": "brühe--muskat",
                    "path": {
                        "#fill": "none",
                        "#stroke": "black",
                        "#d": "M2199.46,642.416L1923.79,686.609"
                    }
                },
                {
                    "#class": "edge",
                    "#id": "brühe--sahne",
                    "path": {
                        "#fill": "none",
                        "#stroke": "black",
                        "#d": "M2205.58,558.641L1883.27,457.74"
                    }
                },
                {
                    "#class": "edge",
                    "#id": "brühe--speck",
                    "path": {
                        "#fill": "none",
                        "#stroke": "black",
                        "#d": "M2518.86,492.983L2832.06,220.462"
                    }
                },
                {
                    "#class": "edge",
                    "#id": "brühe--weizenmehl",
                    "path": {
                        "#fill": "none",
                        "#stroke": "Red",
                        "#d": "M2380.57,430.222L2380.58,422.448"
                    }
                },
                {
                    "#class": "edge",
                    "#id": "butter--ei",
                    "path": {
                        "#fill": "none",
                        "#stroke": "black",
                        "#d": "M1076.3,432.221L699.318,442.21"
                    }
                },
                {
                    "#class": "edge",
                    "#id": "butter--lauch",
                    "path": {
                        "#fill": "none",
                        "#stroke": "black",
                        "#d": "M1422.95,345.404L1721.86,195.701"
                    }
                },
                {
                    "#class": "edge",
                    "#id": "butter--muskat",
                    "path": {
                        "#fill": "none",
                        "#stroke": "black",
                        "#d": "M1423.58,508.797L1720.03,655.72"
                    }
                },
                {
                    "#class": "edge",
                    "#id": "butter--sahne",
                    "path": {
                        "#fill": "none",
                        "#stroke": "black",
                        "#d": "M1442.5,426.68L1671.69,425.814"
                    }
                },
                {
                    "#class": "edge",
                    "#id": "butter--steinpilz",
                    "path": {
                        "#fill": "none",
                        "#stroke": "black",
                        "#d": "M1076.09,425.066L347.554,415.893"
                    }
                },
                {
                    "#class": "edge",
                    "#id": "butter--weizenmehl",
                    "path": {
                        "#fill": "none",
                        "#stroke": "black",
                        "#d": "M1440.08,397.064L2199.76,269.708"
                    }
                },
                {
                    "#class": "edge",
                    "#id": "butter--zwiebel",
                    "path": {
                        "#fill": "none",
                        "#stroke": "black",
                        "#d": "M1087.1,365.189L551.36,171.719"
                    }
                },
                {
                    "#class": "edge",
                    "#id": "dill--gurke",
                    "path": {
                        "#fill": "none",
                        "#stroke": "black",
                        "#d": "M4602.56,254.319L4670.99,330.793"
                    }
                },
                {
                    "#class": "edge",
                    "#id": "dill--kartoffel",
                    "path": {
                        "#fill": "none",
                        "#stroke": "black",
                        "#d": "M4425.32,199.708L3707.78,376.418"
                    }
                },
                {
                    "#class": "edge",
                    "#id": "dill--lauchzwiebel",
                    "path": {
                        "#fill": "none",
                        "#stroke": "black",
                        "#d": "M4547.33,280.554L4589.22,546.624"
                    }
                },
                {
                    "#class": "edge",
                    "#id": "dill--olivenöl",
                    "path": {
                        "#fill": "none",
                        "#stroke": "black",
                        "#d": "M4457.96,254.11L4071.16,682.268"
                    }
                },
                {
                    "#class": "edge",
                    "#id": "dill--räucherspeck",
                    "path": {
                        "#fill": "none",
                        "#stroke": "black",
                        "#d": "M4442.19,236.646L4259.63,366.544"
                    }
                },
                {
                    "#class": "edge",
                    "#id": "dill--zitrone",
                    "path": {
                        "#fill": "none",
                        "#stroke": "black",
                        "#d": "M4422.82,165.494L4314.87,157.169"
                    }
                },
                {
                    "#class": "edge",
                    "#id": "ei--steinpilz",
                    "path": {
                        "#fill": "none",
                        "#stroke": "black",
                        "#d": "M483.322,435.703L347.223,423.886"
                    }
                },
                {
                    "#class": "edge",
                    "#id": "ei--zwiebel",
                    "path": {
                        "#fill": "none",
                        "#stroke": "black",
                        "#d": "M546.261,346.539L494.552,233.279"
                    }
                },
                {
                    "#class": "edge",
                    "#id": "erbsen--karotte",
                    "path": {
                        "#fill": "none",
                        "#stroke": "black",
                        "#d": "M2926.48,597.734L2938.3,532.891"
                    }
                },
                {
                    "#class": "edge",
                    "#id": "erbsen--kartoffel",
                    "path": {
                        "#fill": "none",
                        "#stroke": "black",
                        "#d": "M3005.39,659.454L3363.17,496.258"
                    }
                },
                {
                    "#class": "edge",
                    "#id": "erbsen--speck",
                    "path": {
                        "#fill": "none",
                        "#stroke": "black",
                        "#d": "M2908.37,595.986L2912.48,257.387"
                    }
                },
                {
                    "#class": "edge",
                    "#id": "erbsen--weizenmehl",
                    "path": {
                        "#fill": "none",
                        "#stroke": "black",
                        "#d": "M2825.96,632.681L2517.95,360.633"
                    }
                },
                {
                    "#class": "edge",
                    "#id": "gurke--kartoffel",
                    "path": {
                        "#fill": "none",
                        "#stroke": "black",
                        "#d": "M4635.09,412.403L3712.92,418.95"
                    }
                },
                {
                    "#class": "edge",
                    "#id": "gurke--lauchzwiebel",
                    "path": {
                        "#fill": "none",
                        "#stroke": "black",
                        "#d": "M4689.85,505.831L4659.36,559.542"
                    }
                },
                {
                    "#class": "edge",
                    "#id": "gurke--olivenöl",
                    "path": {
                        "#fill": "none",
                        "#stroke": "black",
                        "#d": "M4645.59,457.681L4096.55,716.372"
                    }
                },
                {
                    "#class": "edge",
                    "#id": "gurke--räucherspeck",
                    "path": {
                        "#fill": "none",
                        "#stroke": "black",
                        "#d": "M4635.06,414.991L4279.63,426.011"
                    }
                },
                {
                    "#class": "edge",
                    "#id": "gurke--zitrone",
                    "path": {
                        "#fill": "none",
                        "#stroke": "black",
                        "#d": "M4646.21,364.048L4304.39,196.534"
                    }
                },
                {
                    "#class": "edge",
                    "#id": "karotte--kartoffel",
                    "path": {
                        "#fill": "none",
                        "#stroke": "black",
                        "#d": "M3065.96,425.401L3346.56,422.285"
                    }
                },
                {
                    "#class": "edge",
                    "#id": "karotte--speck",
                    "path": {
                        "#fill": "none",
                        "#stroke": "black",
                        "#d": "M2940.77,319.803L2930.69,256.086"
                    }
                },
                {
                    "#class": "edge",
                    "#id": "karotte--weizenmehl",
                    "path": {
                        "#fill": "none",
                        "#stroke": "black",
                        "#d": "M2854.85,393.24L2554.98,295.939"
                    }
                },
                {
                    "#class": "edge",
                    "#id": "kartoffel--lauchzwiebel",
                    "path": {
                        "#fill": "none",
                        "#stroke": "black",
                        "#d": "M3708.73,459.025L4500.25,630.556"
                    }
                },
                {
                    "#class": "edge",
                    "#id": "kartoffel--olivenöl",
                    "path": {
                        "#fill": "none",
                        "#stroke": "black",
                        "#d": "M3677.84,528.297L3911.21,698.619"
                    }
                },
                {
                    "#class": "edge",
                    "#id": "kartoffel--räucherspeck",
                    "path": {
                        "#fill": "none",
                        "#stroke": "black",
                        "#d": "M3713.21,422.857L4063.08,427.83"
                    }
                },
                {
                    "#class": "edge",
                    "#id": "kartoffel--speck",
                    "path": {
                        "#fill": "none",
                        "#stroke": "black",
                        "#d": "M3361.88,346.401L3012.81,192.887"
                    }
                },
                {
                    "#class": "edge",
                    "#id": "kartoffel--weizenmehl",
                    "path": {
                        "#fill": "none",
                        "#stroke": "black",
                        "#d": "M3348.99,391.79L2561.85,267.898"
                    }
                },
                {
                    "#class": "edge",
                    "#id": "kartoffel--zitrone",
                    "path": {
                        "#fill": "none",
                        "#stroke": "black",
                        "#d": "M3699.84,352.116L4106.46,189.182"
                    }
                },
                {
                    "#class": "edge",
                    "#id": "lauch--muskat",
                    "path": {
                        "#fill": "none",
                        "#stroke": "black",
                        "#d": "M1818.3,255.527L1817.26,595.738"
                    }
                },
                {
                    "#class": "edge",
                    "#id": "lauch--sahne",
                    "path": {
                        "#fill": "none",
                        "#stroke": "black",
                        "#d": "M1803.74,254.386L1794.86,318.311"
                    }
                },
                {
                    "#class": "edge",
                    "#id": "lauch--weizenmehl",
                    "path": {
                        "#fill": "none",
                        "#stroke": "black",
                        "#d": "M1925.34,164.731L2200.02,209.764"
                    }
                },
                {
                    "#class": "edge",
                    "#id": "lauchzwiebel--olivenöl",
                    "path": {
                        "#fill": "none",
                        "#stroke": "black",
                        "#d": "M4499.56,672.591L4105.07,743.388"
                    }
                },
                {
                    "#class": "edge",
                    "#id": "lauchzwiebel--räucherspeck",
                    "path": {
                        "#fill": "none",
                        "#stroke": "black",
                        "#d": "M4509.84,603.882L4267.65,479.029"
                    }
                },
                {
                    "#class": "edge",
                    "#id": "lauchzwiebel--zitrone",
                    "path": {
                        "#fill": "none",
                        "#stroke": "black",
                        "#d": "M4539.04,568.734L4274.34,233.917"
                    }
                },
                {
                    "#class": "edge",
                    "#id": "muskat--sahne",
                    "path": {
                        "#fill": "none",
                        "#stroke": "black",
                        "#d": "M1802.7,596.527L1794.21,532.563"
                    }
                },
                {
                    "#class": "edge",
                    "#id": "muskat--weizenmehl",
                    "path": {
                        "#fill": "none",
                        "#stroke": "black",
                        "#d": "M1900.41,634.973L2239.33,355.802"
                    }
                },
                {
                    "#class": "edge",
                    "#id": "olivenöl--räucherspeck",
                    "path": {
                        "#fill": "none",
                        "#stroke": "black",
                        "#d": "M4048.4,666.575L4121.53,525.459"
                    }
                },
                {
                    "#class": "edge",
                    "#id": "olivenöl--zitrone",
                    "path": {
                        "#fill": "none",
                        "#stroke": "black",
                        "#d": "M4033.47,660.116L4172.32,251.252"
                    }
                },
                {
                    "#class": "edge",
                    "#id": "räucherspeck--zitrone",
                    "path": {
                        "#fill": "none",
                        "#stroke": "black",
                        "#d": "M4185.01,322.119L4193.43,256.048"
                    }
                },
                {
                    "#class": "edge",
                    "#id": "sahne--weizenmehl",
                    "path": {
                        "#fill": "none",
                        "#stroke": "black",
                        "#d": "M1883.25,393.426L2205.64,293.583"
                    }
                },
                {
                    "#class": "edge",
                    "#id": "speck--weizenmehl",
                    "path": {
                        "#fill": "none",
                        "#stroke": "black",
                        "#d": "M2807.19,167.345L2561.37,208.861"
                    }
                },
                {
                    "#class": "edge",
                    "#id": "steinpilz--zwiebel",
                    "path": {
                        "#fill": "none",
                        "#stroke": "black",
                        "#d": "M304.564,328.001L384.564,221.604"
                    }
                },
                {
                    "#class": "node",
                    "#id": "brot",
                    "title": {},
                    "ellipse": {
                        "#class": "i-carb",
                        "#cx": "429.652",
                        "#cy": "723.51",
                        "#rx": "108",
                        "#ry": "108"
                    },
                    "text": {
                        "#x": "429.652",
                        "#y": "753.51",
                        "#text-anchor": "middle",
                        "#font-family": "Arial",
                        "#font-size": "25",
                        "#text-content": "Brot"
                    }
                },
                {
                    "#class": "node",
                    "#id": "brühe",
                    "title": {},
                    "ellipse": {
                        "#class": "i-condi",
                        "#cx": "2380.48",
                        "#cy": "613.394",
                        "#rx": "183",
                        "#ry": "183"
                    },
                    "text": {
                        "#x": "2380.48",
                        "#y": "643.394",
                        "#text-anchor": "middle",
                        "#font-family": "Arial",
                        "#font-size": "25",
                        "#text-content": "Brühe"
                    }
                },
                {
                    "#class": "node",
                    "#id": "butter",
                    "title": {},
                    "ellipse": {
                        "#class": "i-fat",
                        "#cx": "1259.29",
                        "#cy": "427.372",
                        "#rx": "183",
                        "#ry": "183"
                    },
                    "text": {
                        "#x": "1259.29",
                        "#y": "457.372",
                        "#text-anchor": "middle",
                        "#font-family": "Arial",
                        "#font-size": "25",
                        "#text-content": "Butter"
                    }
                },
                {
                    "#class": "node",
                    "#id": "dill",
                    "title": {},
                    "ellipse": {
                        "#class": "i-herb",
                        "#cx": "4530.52",
                        "#cy": "173.799",
                        "#rx": "108",
                        "#ry": "108"
                    },
                    "text": {
                        "#x": "4530.52",
                        "#y": "203.799",
                        "#text-anchor": "middle",
                        "#font-family": "Arial",
                        "#font-size": "25",
                        "#text-content": "Dill"
                    }
                },
                {
                    "#class": "node",
                    "#id": "ei",
                    "title": {},
                    "ellipse": {
                        "#class": "i-egg",
                        "#cx": "591.248",
                        "#cy": "445.074",
                        "#rx": "108",
                        "#ry": "108"
                    },
                    "text": {
                        "#x": "591.248",
                        "#y": "475.074",
                        "#text-anchor": "middle",
                        "#font-family": "Arial",
                        "#font-size": "25",
                        "#text-content": "Ei"
                    }
                },
                {
                    "#class": "node",
                    "#id": "erbsen",
                    "title": {},
                    "ellipse": {
                        "#class": "i-veg",
                        "#cx": "2907.06",
                        "#cy": "704.307",
                        "#rx": "108",
                        "#ry": "108"
                    },
                    "text": {
                        "#x": "2907.06",
                        "#y": "734.307",
                        "#text-anchor": "middle",
                        "#font-family": "Arial",
                        "#font-size": "25",
                        "#text-content": "Erbsen"
                    }
                },
                {
                    "#class": "node",
                    "#id": "gurke",
                    "title": {},
                    "ellipse": {
                        "#class": "i-veg",
                        "#cx": "4743.32",
                        "#cy": "411.635",
                        "#rx": "108",
                        "#ry": "108"
                    },
                    "text": {
                        "#x": "4743.32",
                        "#y": "441.635",
                        "#text-anchor": "middle",
                        "#font-family": "Arial",
                        "#font-size": "25",
                        "#text-content": "Gurke"
                    }
                },
                {
                    "#class": "node",
                    "#id": "karotte",
                    "title": {},
                    "ellipse": {
                        "#class": "i-veg",
                        "#cx": "2957.68",
                        "#cy": "426.603",
                        "#rx": "108",
                        "#ry": "108"
                    },
                    "text": {
                        "#x": "2957.68",
                        "#y": "456.603",
                        "#text-anchor": "middle",
                        "#font-family": "Arial",
                        "#font-size": "25",
                        "#text-content": "Karotte"
                    }
                },
                {
                    "#class": "node",
                    "#id": "kartoffel",
                    "title": {},
                    "ellipse": {
                        "#class": "i-carb",
                        "#cx": "3529.8",
                        "#cy": "420.25",
                        "#rx": "183",
                        "#ry": "183"
                    },
                    "text": {
                        "#x": "3529.8",
                        "#y": "450.25",
                        "#text-anchor": "middle",
                        "#font-family": "Arial",
                        "#font-size": "25",
                        "#text-content": "Kartoffel"
                    }
                },
                {
                    "#class": "node",
                    "#id": "lauch",
                    "title": {},
                    "ellipse": {
                        "#class": "i-veg",
                        "#cx": "1818.63",
                        "#cy": "147.237",
                        "#rx": "108",
                        "#ry": "108"
                    },
                    "text": {
                        "#x": "1818.63",
                        "#y": "177.237",
                        "#text-anchor": "middle",
                        "#font-family": "Arial",
                        "#font-size": "25",
                        "#text-content": "Lauch"
                    }
                },
                {
                    "#class": "node",
                    "#id": "lauchzwiebel",
                    "title": {},
                    "ellipse": {
                        "#class": "i-onion",
                        "#cx": "4606.04",
                        "#cy": "653.481",
                        "#rx": "108",
                        "#ry": "108"
                    },
                    "text": {
                        "#x": "4606.04",
                        "#y": "683.481",
                        "#text-anchor": "middle",
                        "#font-family": "Arial",
                        "#font-size": "25",
                        "#text-content": "Lauchzwiebel"
                    }
                },
                {
                    "#class": "node",
                    "#id": "muskat",
                    "title": {},
                    "ellipse": {
                        "#class": "i-spice",
                        "#cx": "1816.93",
                        "#cy": "703.741",
                        "#rx": "108",
                        "#ry": "108"
                    },
                    "text": {
                        "#x": "1816.93",
                        "#y": "733.741",
                        "#text-anchor": "middle",
                        "#font-family": "Arial",
                        "#font-size": "25",
                        "#text-content": "Muskat"
                    }
                },
                {
                    "#class": "node",
                    "#id": "olivenöl",
                    "title": {},
                    "ellipse": {
                        "#class": "i-fat",
                        "#cx": "3998.7",
                        "#cy": "762.476",
                        "#rx": "108",
                        "#ry": "108"
                    },
                    "text": {
                        "#x": "3998.7",
                        "#y": "792.476",
                        "#text-anchor": "middle",
                        "#font-family": "Arial",
                        "#font-size": "25",
                        "#text-content": "Olivenöl"
                    }
                },
                {
                    "#class": "node",
                    "#id": "räucherspeck",
                    "title": {},
                    "ellipse": {
                        "#class": "i-meat",
                        "#cx": "4171.33",
                        "#cy": "429.369",
                        "#rx": "108",
                        "#ry": "108"
                    },
                    "text": {
                        "#x": "4171.33",
                        "#y": "459.369",
                        "#text-anchor": "middle",
                        "#font-family": "Arial",
                        "#font-size": "25",
                        "#text-content": "Räucherspeck"
                    }
                },
                {
                    "#class": "node",
                    "#id": "sahne",
                    "title": {},
                    "ellipse": {
                        "#class": "i-milk",
                        "#cx": "1779.99",
                        "#cy": "425.404",
                        "#rx": "108",
                        "#ry": "108"
                    },
                    "text": {
                        "#x": "1779.99",
                        "#y": "455.404",
                        "#text-anchor": "middle",
                        "#font-family": "Arial",
                        "#font-size": "25",
                        "#text-content": "Sahne"
                    }
                },
                {
                    "#class": "node",
                    "#id": "speck",
                    "title": {},
                    "ellipse": {
                        "#class": "i-meat",
                        "#cx": "2913.79",
                        "#cy": "149.34",
                        "#rx": "108",
                        "#ry": "108"
                    },
                    "text": {
                        "#x": "2913.79",
                        "#y": "179.34",
                        "#text-anchor": "middle",
                        "#font-family": "Arial",
                        "#font-size": "25",
                        "#text-content": "Speck"
                    }
                },
                {
                    "#class": "node",
                    "#id": "steinpilz",
                    "title": {},
                    "ellipse": {
                        "#class": "i-veg",
                        "#cx": "239.5",
                        "#cy": "414.533",
                        "#rx": "108",
                        "#ry": "108"
                    },
                    "text": {
                        "#x": "239.5",
                        "#y": "444.533",
                        "#text-anchor": "middle",
                        "#font-family": "Arial",
                        "#font-size": "25",
                        "#text-content": "Steinpilz"
                    }
                },
                {
                    "#class": "node",
                    "#id": "weizenmehl",
                    "title": {},
                    "ellipse": {
                        "#class": "i-carb",
                        "#cx": "2380.67",
                        "#cy": "239.38",
                        "#rx": "183",
                        "#ry": "183"
                    },
                    "text": {
                        "#x": "2380.67",
                        "#y": "269.38",
                        "#text-anchor": "middle",
                        "#font-family": "Arial",
                        "#font-size": "25",
                        "#text-content": "Weizenmehl"
                    }
                },
                {
                    "#class": "node",
                    "#id": "zitrone",
                    "title": {},
                    "ellipse": {
                        "#class": "i-fruit",
                        "#cx": "4207.1",
                        "#cy": "148.858",
                        "#rx": "108",
                        "#ry": "108"
                    },
                    "text": {
                        "#x": "4207.1",
                        "#y": "178.858",
                        "#text-anchor": "middle",
                        "#font-family": "Arial",
                        "#font-size": "25",
                        "#text-content": "Zitrone"
                    }
                },
                {
                    "#class": "node",
                    "#id": "zwiebel",
                    "title": {},
                    "ellipse": {
                        "#class": "i-onion",
                        "#cx": "449.682",
                        "#cy": "135",
                        "#rx": "108",
                        "#ry": "108"
                    },
                    "text": {
                        "#x": "449.682",
                        "#y": "165",
                        "#text-anchor": "middle",
                        "#font-family": "Arial",
                        "#font-size": "25",
                        "#text-content": "Zwiebel"
                    }
                }
            ]
        }
    }
}