{"title":"Two of HD Gemüse","ingredients":[{"id":"artischocke","label":"Artischocke","occurs":"1"},{"id":"austern","label":"Austern","occurs":"1"},{"id":"blumenkohl","label":"Blumenkohl","occurs":"1"},{"id":"butter","label":"Butter","occurs":"2"},{"id":"ei","label":"Ei","occurs":"2"},{"id":"essig","label":"Essig","occurs":"1"},{"id":"fleischbrühe","label":"Fleischbrühe","occurs":"1"},{"id":"kapern","label":"Kapern","occurs":"1"},{"id":"krebs","label":"Krebs","occurs":"1"},{"id":"muskat","label":"Muskat","occurs":"2"},{"id":"sahne","label":"Sahne","occurs":"1"},{"id":"sardelle","label":"Sardellen","occurs":"1"},{"id":"senf","label":"Senf","occurs":"1"},{"id":"weizenmehl","label":"Weizenmehl","occurs":"2"}],"recipes":[{"recipeName":"Blumenkohl","ingredients":["blumenkohl","ei","weizenmehl","muskat","fleischbrühe","butter","sahne","krebs"]},{"recipeName":"Artischocken","ingredients":["artischocke","ei","weizenmehl","muskat","butter","essig","sardelle","austern","kapern","senf"]}],"svg":{"#xmlns":"http:\/\/www.w3.org\/2000\/svg","#version":"1.1","#viewBox":"0.00 0.00 3909.94 1935.00","#preserveAspectRatio":"xMidYMid meet","#zoomAndPan":"magnify","#contentScriptType":"text\/ecmascript","#contentStyleType":"text\/css","g":{"#class":"graph","#id":"graph0","g":[{"#class":"edge","#id":"artischocke--austern","path":{"#fill":"none","#stroke":"black","#d":"M3548.28,1075.941L3390.21,1482.921"}},{"#class":"edge","#id":"artischocke--butter","path":{"#fill":"none","#stroke":"black","#d":"M3479.33,981.478L1891.35,1075.126"}},{"#class":"edge","#id":"artischocke--ei","path":{"#fill":"none","#stroke":"black","#d":"M3479.52,968.076L2265.38,889.03"}},{"#class":"edge","#id":"artischocke--essig","path":{"#fill":"none","#stroke":"black","#d":"M3514.23,895.31L2889.89,214.87"}},{"#class":"edge","#id":"artischocke--kapern","path":{"#fill":"none","#stroke":"black","#d":"M3479.42,977.682L3081.55,987.184"}},{"#class":"edge","#id":"artischocke--muskat","path":{"#fill":"none","#stroke":"black","#d":"M3484.16,943.34L2049.74,502.22"}},{"#class":"edge","#id":"artischocke--sardelle","path":{"#fill":"none","#stroke":"black","#d":"M3546.73,874.8L3384.83,475.95"}},{"#class":"edge","#id":"artischocke--senf","path":{"#fill":"none","#stroke":"black","#d":"M3514.8,1055.635L2895.08,1742.696"}},{"#class":"edge","#id":"artischocke--weizenmehl","path":{"#fill":"none","#stroke":"black","#d":"M3484.58,1008.691L2122.19,1453.56"}},{"#class":"edge","#id":"austern--butter","path":{"#fill":"none","#stroke":"black","#d":"M3247.7,1552.375L1883.98,1139.07"}},{"#class":"edge","#id":"austern--ei","path":{"#fill":"none","#stroke":"black","#d":"M3256.51,1531.028L2242.67,966.3"}},{"#class":"edge","#id":"austern--essig","path":{"#fill":"none","#stroke":"black","#d":"M3313.6,1482.121L2853.99,236.33"}},{"#class":"edge","#id":"austern--kapern","path":{"#fill":"none","#stroke":"black","#d":"M3293.09,1492.526L3031.38,1080.991"}},{"#class":"edge","#id":"austern--muskat","path":{"#fill":"none","#stroke":"black","#d":"M3265.32,1517.757L2019.85,560"}},{"#class":"edge","#id":"austern--sardelle","path":{"#fill":"none","#stroke":"black","#d":"M3350.46,1475.448L3344.8,483.83"}},{"#class":"edge","#id":"austern--senf","path":{"#fill":"none","#stroke":"black","#d":"M3252.61,1628.292L2921.06,1778.437"}},{"#class":"edge","#id":"austern--weizenmehl","path":{"#fill":"none","#stroke":"black","#d":"M3243.02,1578.061L2131.04,1519.999"}},{"#class":"edge","#id":"blumenkohl--butter","path":{"#fill":"none","#stroke":"black","#d":"M459.321,707.22L1533.32,1032.784"}},{"#class":"edge","#id":"blumenkohl--ei","path":{"#fill":"none","#stroke":"black","#d":"M463.063,688.32L1900.54,855.91"}},{"#class":"edge","#id":"blumenkohl--fleischbrühe","path":{"#fill":"none","#stroke":"black","#d":"M355.745,784.05L355.945,1177.202"}},{"#class":"edge","#id":"blumenkohl--krebs","path":{"#fill":"none","#stroke":"black","#d":"M422.065,590.21L669.224,271.52"}},{"#class":"edge","#id":"blumenkohl--muskat","path":{"#fill":"none","#stroke":"black","#d":"M462.504,659.81L1693.63,475.5"}},{"#class":"edge","#id":"blumenkohl--sahne","path":{"#fill":"none","#stroke":"black","#d":"M390.834,778.05L699.554,1676.224"}},{"#class":"edge","#id":"blumenkohl--weizenmehl","path":{"#fill":"none","#stroke":"black","#d":"M451.413,725.98L1785.82,1425.433"}},{"#class":"edge","#id":"butter--ei","path":{"#fill":"none","#stroke":"Red","#d":"M1868.54,996.611L1922.75,966.353"}},{"#class":"edge","#id":"butter--essig","path":{"#fill":"none","#stroke":"black","#d":"M1847.49,966.677L2734.32,205.62"}},{"#class":"edge","#id":"butter--fleischbrühe","path":{"#fill":"none","#stroke":"black","#d":"M1527.2,1112.63L463.009,1269.442"}},{"#class":"edge","#id":"butter--kapern","path":{"#fill":"none","#stroke":"black","#d":"M1891.12,1072.03L2865.42,997.972"}},{"#class":"edge","#id":"butter--krebs","path":{"#fill":"none","#stroke":"black","#d":"M1574.03,961.495L814.891,259.48"}},{"#class":"edge","#id":"butter--muskat","path":{"#fill":"none","#stroke":"Red","#d":"M1754.73,908.75L1828.55,625.53"}},{"#class":"edge","#id":"butter--sahne","path":{"#fill":"none","#stroke":"black","#d":"M1559.32,1192.027L822.87,1715.71"}},{"#class":"edge","#id":"butter--sardelle","path":{"#fill":"none","#stroke":"black","#d":"M1876.68,1012.92L3245.01,418.87"}},{"#class":"edge","#id":"butter--senf","path":{"#fill":"none","#stroke":"black","#d":"M1861.42,1187.043L2732.26,1763.197"}},{"#class":"edge","#id":"butter--weizenmehl","path":{"#fill":"none","#stroke":"Red","#d":"M1798.57,1245.498L1857.97,1350.829"}},{"#class":"edge","#id":"ei--essig","path":{"#fill":"none","#stroke":"black","#d":"M2211.29,747.01L2740.65,211.8"}},{"#class":"edge","#id":"ei--fleischbrühe","path":{"#fill":"none","#stroke":"black","#d":"M1904.32,919.27L461.343,1260.313"}},{"#class":"edge","#id":"ei--kapern","path":{"#fill":"none","#stroke":"black","#d":"M2264.2,900.1L2866.1,976.205"}},{"#class":"edge","#id":"ei--krebs","path":{"#fill":"none","#stroke":"black","#d":"M1919.77,793.6L831.897,235.51"}},{"#class":"edge","#id":"ei--muskat","path":{"#fill":"none","#stroke":"Red","#d":"M2002.67,712.29L1954.68,613.33"}},{"#class":"edge","#id":"ei--sahne","path":{"#fill":"none","#stroke":"black","#d":"M1930.27,978.988L824.498,1718.363"}},{"#class":"edge","#id":"ei--sardelle","path":{"#fill":"none","#stroke":"black","#d":"M2252.74,809.52L3243.73,415.73"}},{"#class":"edge","#id":"ei--senf","path":{"#fill":"none","#stroke":"black","#d":"M2195.4,1021.304L2756.01,1737.824"}},{"#class":"edge","#id":"ei--weizenmehl","path":{"#fill":"none","#stroke":"Red","#d":"M2044.47,1056.497L1986.06,1331.348"}},{"#class":"edge","#id":"essig--kapern","path":{"#fill":"none","#stroke":"black","#d":"M2836.14,241.53L2953.83,883.24"}},{"#class":"edge","#id":"essig--muskat","path":{"#fill":"none","#stroke":"black","#d":"M2714.01,169.14L2048.57,390.55"}},{"#class":"edge","#id":"essig--sardelle","path":{"#fill":"none","#stroke":"black","#d":"M2914.91,179.87L3245.49,330.77"}},{"#class":"edge","#id":"essig--senf","path":{"#fill":"none","#stroke":"black","#d":"M2816.99,243.16L2822.26,1714.924"}},{"#class":"edge","#id":"essig--weizenmehl","path":{"#fill":"none","#stroke":"black","#d":"M2758.77,226.58L2045.77,1355.612"}},{"#class":"edge","#id":"fleischbrühe--krebs","path":{"#fill":"none","#stroke":"black","#d":"M391.362,1182.792L700.228,288.22"}},{"#class":"edge","#id":"fleischbrühe--muskat","path":{"#fill":"none","#stroke":"black","#d":"M450.715,1233.022L1714.39,536.73"}},{"#class":"edge","#id":"fleischbrühe--sahne","path":{"#fill":"none","#stroke":"black","#d":"M421.961,1371.121L668.841,1692.667"}},{"#class":"edge","#id":"fleischbrühe--weizenmehl","path":{"#fill":"none","#stroke":"black","#d":"M463.238,1300.382L1766.57,1484.774"}},{"#class":"edge","#id":"kapern--muskat","path":{"#fill":"none","#stroke":"black","#d":"M2876.35,941.962L2039.16,529.43"}},{"#class":"edge","#id":"kapern--sardelle","path":{"#fill":"none","#stroke":"black","#d":"M3029.28,897.19L3288.27,468.39"}},{"#class":"edge","#id":"kapern--senf","path":{"#fill":"none","#stroke":"black","#d":"M2954.12,1096.143L2841.9,1716.6"}},{"#class":"edge","#id":"kapern--weizenmehl","path":{"#fill":"none","#stroke":"black","#d":"M2876.9,1038.751L2111.57,1427.381"}},{"#class":"edge","#id":"krebs--muskat","path":{"#fill":"none","#stroke":"black","#d":"M840.887,210.33L1696.38,407.33"}},{"#class":"edge","#id":"krebs--sahne","path":{"#fill":"none","#stroke":"black","#d":"M735.445,294.26L734.737,1670.336"}},{"#class":"edge","#id":"krebs--weizenmehl","path":{"#fill":"none","#stroke":"black","#d":"M808.617,265.92L1824.33,1375.362"}},{"#class":"edge","#id":"muskat--sahne","path":{"#fill":"none","#stroke":"black","#d":"M1755.4,587.59L805.192,1696.157"}},{"#class":"edge","#id":"muskat--sardelle","path":{"#fill":"none","#stroke":"black","#d":"M2057.85,439.35L3236.26,381.15"}},{"#class":"edge","#id":"muskat--senf","path":{"#fill":"none","#stroke":"black","#d":"M1978.64,599.1L2761.3,1734.039"}},{"#class":"edge","#id":"muskat--weizenmehl","path":{"#fill":"none","#stroke":"Red","#d":"M1887.31,630.97L1935.38,1327.588"}},{"#class":"edge","#id":"sahne--weizenmehl","path":{"#fill":"none","#stroke":"black","#d":"M840.232,1755.107L1769.28,1549.913"}},{"#class":"edge","#id":"sardelle--senf","path":{"#fill":"none","#stroke":"black","#d":"M3307.51,477.58L2859.28,1721.349"}},{"#class":"edge","#id":"sardelle--weizenmehl","path":{"#fill":"none","#stroke":"black","#d":"M3260.25,444.03L2090.2,1394.879"}},{"#class":"edge","#id":"senf--weizenmehl","path":{"#fill":"none","#stroke":"black","#d":"M2720.61,1786.534L2120.41,1572.053"}},{"#class":"node","#id":"artischocke","title":{},"ellipse":{"#class":"i-veg","#cx":"3587.44","#cy":"975.102","#rx":"108","#ry":"108"},"text":{"#x":"3587.44","#y":"1005.102","#text-anchor":"middle","#font-family":"Arial","#font-size":"46","#text-content":"Artischocke"}},{"#class":"node","#id":"austern","title":{},"ellipse":{"#class":"i-fish","#cx":"3351.07","#cy":"1583.703","#rx":"108","#ry":"108"},"text":{"#x":"3351.07","#y":"1613.703","#text-anchor":"middle","#font-family":"Arial","#font-size":"46","#text-content":"Austern"}},{"#class":"node","#id":"blumenkohl","title":{},"ellipse":{"#class":"i-veg","#cx":"355.689","#cy":"675.8","#rx":"108","#ry":"108"},"text":{"#x":"355.689","#y":"705.8","#text-anchor":"middle","#font-family":"Arial","#font-size":"46","#text-content":"Blumenkohl"}},{"#class":"node","#id":"butter","title":{},"ellipse":{"#class":"i-fat","#cx":"1708.56","#cy":"1085.906","#rx":"183","#ry":"183"},"text":{"#x":"1708.56","#y":"1115.906","#text-anchor":"middle","#font-family":"Arial","#font-size":"46","#text-content":"Butter"}},{"#class":"node","#id":"ei","title":{},"ellipse":{"#class":"i-egg","#cx":"2082.6","#cy":"877.13","#rx":"183","#ry":"183"},"text":{"#x":"2082.6","#y":"907.13","#text-anchor":"middle","#font-family":"Arial","#font-size":"46","#text-content":"Ei"}},{"#class":"node","#id":"essig","title":{},"ellipse":{"#class":"i-condi","#cx":"2816.61","#cy":"135","#rx":"108","#ry":"108"},"text":{"#x":"2816.61","#y":"165","#text-anchor":"middle","#font-family":"Arial","#font-size":"46","#text-content":"Essig"}},{"#class":"node","#id":"fleischbrühe","title":{},"ellipse":{"#class":"i-condi","#cx":"356","#cy":"1285.21","#rx":"108","#ry":"108"},"text":{"#x":"356","#y":"1315.21","#text-anchor":"middle","#font-family":"Arial","#font-size":"46","#text-content":"Fleischbrühe"}},{"#class":"node","#id":"kapern","title":{},"ellipse":{"#class":"i-spice","#cx":"2973.36","#cy":"989.767","#rx":"108","#ry":"108"},"text":{"#x":"2973.36","#y":"1019.767","#text-anchor":"middle","#font-family":"Arial","#font-size":"46","#text-content":"Kapern"}},{"#class":"node","#id":"krebs","title":{},"ellipse":{"#class":"i-fish","#cx":"735.501","#cy":"186.06","#rx":"108","#ry":"108"},"text":{"#x":"735.501","#y":"216.06","#text-anchor":"middle","#font-family":"Arial","#font-size":"46","#text-content":"Krebs"}},{"#class":"node","#id":"muskat","title":{},"ellipse":{"#class":"i-spice","#cx":"1874.71","#cy":"448.39","#rx":"183","#ry":"183"},"text":{"#x":"1874.71","#y":"478.39","#text-anchor":"middle","#font-family":"Arial","#font-size":"46","#text-content":"Muskat"}},{"#class":"node","#id":"sahne","title":{},"ellipse":{"#class":"i-milk","#cx":"734.681","#cy":"1778.419","#rx":"108","#ry":"108"},"text":{"#x":"734.681","#y":"1808.419","#text-anchor":"middle","#font-family":"Arial","#font-size":"46","#text-content":"Sahne"}},{"#class":"node","#id":"sardelle","title":{},"ellipse":{"#class":"i-fish","#cx":"3344.18","#cy":"375.82","#rx":"108","#ry":"108"},"text":{"#x":"3344.18","#y":"405.82","#text-anchor":"middle","#font-family":"Arial","#font-size":"46","#text-content":"Sardellen"}},{"#class":"node","#id":"senf","title":{},"ellipse":{"#class":"i-condi","#cx":"2822.65","#cy":"1823","#rx":"108","#ry":"108"},"text":{"#x":"2822.65","#y":"1853","#text-anchor":"middle","#font-family":"Arial","#font-size":"46","#text-content":"Senf"}},{"#class":"node","#id":"weizenmehl","title":{},"ellipse":{"#class":"i-carb","#cx":"1947.99","#cy":"1510.442","#rx":"183","#ry":"183"},"text":{"#x":"1947.99","#y":"1540.442","#text-anchor":"middle","#font-family":"Arial","#font-size":"46","#text-content":"Weizenmehl"}}]}}}